This file contains any messages produced by compilers while
running configure, to aid debugging if configure makes a mistake.

It was created by shadow configure 4.19.3, which was
generated by GNU Autoconf 2.72.  Invocation command line was

  $ ./configure --sysconfdir=/etc --with-libpam --disable-static --without-libbsd --with-bcrypt --with-yescrypt

## --------- ##
## Platform. ##
## --------- ##

hostname = Hp440G8
uname -m = x86_64
uname -r = 6.18.10
uname -s = Linux
uname -v = #13 SMP PREEMPT_DYNAMIC Fri May  8 12:19:52 IST 2026

/usr/bin/uname -p = unknown
/bin/uname -X     = unknown

/bin/arch              = unknown
/usr/bin/arch -k       = unknown
/usr/convex/getsysinfo = unknown
/usr/bin/hostinfo      = unknown
/bin/machine           = unknown
/usr/bin/oslevel       = unknown
/bin/universe          = unknown

PATH: /usr/sbin/
PATH: /usr/bin/
PATH: /opt/rustc/bin/
PATH: /opt/qt6/bin/
PATH: /home/riy/.cargo/bin/
PATH: /usr/libexec/kitty/bin/
PATH: /opt/jdk/bin/
PATH: /home/riy/.local/bin/
PATH: /usr/libexec/zen/


## ----------- ##
## Core tests. ##
## ----------- ##

configure:2974: looking for aux files: config.rpath config.guess config.sub ltmain.sh compile missing install-sh
configure:2987:  trying ./build-aux/
configure:3016:   ./build-aux/config.rpath found
configure:3016:   ./build-aux/config.guess found
configure:3016:   ./build-aux/config.sub found
configure:3016:   ./build-aux/ltmain.sh found
configure:3016:   ./build-aux/compile found
configure:3016:   ./build-aux/missing found
configure:2998:   ./build-aux/install-sh found
configure:3151: checking for a BSD-compatible install
configure:3225: result: /usr/bin/install -c
configure:3236: checking whether sleep supports fractional seconds
configure:3252: result: yes
configure:3255: checking filesystem timestamp resolution
configure:3390: result: 0.01
configure:3395: checking whether build environment is sane
configure:3440: result: yes
configure:3611: checking for a race-free mkdir -p
configure:3654: result: /usr/bin/mkdir -p
configure:3661: checking for gawk
configure:3682: found /usr/bin/gawk
configure:3694: result: gawk
configure:3705: checking whether make sets $(MAKE)
configure:3729: result: yes
configure:3755: checking whether make supports nested variables
configure:3774: result: yes
configure:3788: checking xargs -n works
configure:3804: result: yes
configure:3879: checking how to create a pax tar archive
configure:3890: tar --version
tar (GNU tar) 1.35
Copyright (C) 2023 Free Software Foundation, Inc.
License GPLv3+: GNU GPL version 3 or later <https://gnu.org/licenses/gpl.html>.
This is free software: you are free to change and redistribute it.
There is NO WARRANTY, to the extent permitted by law.

Written by John Gilmore and Jay Fenlason.
configure:3893: $? = 0
configure:3933: tardir=conftest.dir && eval tar --format=posix -chf - "$tardir" >conftest.tar
configure:3936: $? = 0
configure:3940: tar -xf - <conftest.tar
configure:3943: $? = 0
configure:3945: cat conftest.dir/file
GrepMe
configure:3948: $? = 0
configure:3963: result: gnutar
configure:4022: checking whether make supports the include directive
configure:4037: make -f confmf.GNU && cat confinc.out
this is the am__doit target
configure:4040: $? = 0
configure:4059: result: yes (GNU style)
configure:4136: checking for gcc
configure:4157: found /usr/bin/gcc
configure:4169: result: gcc
configure:4528: checking for C compiler version
configure:4537: gcc --version >&5
gcc (GCC) 15.2.0
Copyright (C) 2025 Free Software Foundation, Inc.
This is free software; see the source for copying conditions.  There is NO
warranty; not even for MERCHANTABILITY or FITNESS FOR A PARTICULAR PURPOSE.

configure:4548: $? = 0
configure:4537: gcc -v >&5
Using built-in specs.
COLLECT_GCC=gcc
COLLECT_LTO_WRAPPER=/usr/libexec/gcc/x86_64-pc-linux-gnu/15.2.0/lto-wrapper
Target: x86_64-pc-linux-gnu
Configured with: ../configure --prefix=/usr LD=ld --enable-languages=c,c++ --enable-default-pie --enable-default-ssp --enable-host-pie --disable-multilib --disable-bootstrap --disable-fixincludes --with-system-zlib
Thread model: posix
Supported LTO compression algorithms: zlib zstd
gcc version 15.2.0 (GCC) 
configure:4548: $? = 0
configure:4537: gcc -V >&5
gcc: error: unrecognized command-line option '-V'
gcc: fatal error: no input files
compilation terminated.
configure:4548: $? = 1
configure:4537: gcc -qversion >&5
gcc: error: unrecognized command-line option '-qversion'; did you mean '--version'?
gcc: fatal error: no input files
compilation terminated.
configure:4548: $? = 1
configure:4537: gcc -version >&5
gcc: error: unrecognized command-line option '-version'
gcc: fatal error: no input files
compilation terminated.
configure:4548: $? = 1
configure:4568: checking whether the C compiler works
configure:4590: gcc    conftest.c  >&5
configure:4594: $? = 0
configure:4645: result: yes
configure:4649: checking for C compiler default output file name
configure:4651: result: a.out
configure:4657: checking for suffix of executables
configure:4664: gcc -o conftest    conftest.c  >&5
configure:4668: $? = 0
configure:4692: result: 
configure:4716: checking whether we are cross compiling
configure:4724: gcc -o conftest    conftest.c  >&5
configure:4728: $? = 0
configure:4735: ./conftest
configure:4739: $? = 0
configure:4754: result: no
configure:4760: checking for suffix of object files
configure:4783: gcc -c   conftest.c >&5
configure:4787: $? = 0
configure:4811: result: o
configure:4815: checking whether the compiler supports GNU C
configure:4835: gcc -c   conftest.c >&5
configure:4835: $? = 0
configure:4847: result: yes
configure:4858: checking whether gcc accepts -g
configure:4879: gcc -c -g  conftest.c >&5
configure:4879: $? = 0
configure:4926: result: yes
configure:4946: checking for gcc option to enable C11 features
configure:4961: gcc  -c -g -O2  conftest.c >&5
configure:4961: $? = 0
configure:4980: result: none needed
configure:5104: checking whether gcc understands -c and -o together
configure:5127: gcc -c conftest.c -o conftest2.o
configure:5130: $? = 0
configure:5127: gcc -c conftest.c -o conftest2.o
configure:5130: $? = 0
configure:5146: result: yes
configure:5165: checking dependency style of gcc
configure:5278: result: gcc3
configure:5298: checking for stdio.h
configure:5298: gcc -c -g -O2  conftest.c >&5
configure:5298: $? = 0
configure:5298: result: yes
configure:5298: checking for stdlib.h
configure:5298: gcc -c -g -O2  conftest.c >&5
configure:5298: $? = 0
configure:5298: result: yes
configure:5298: checking for string.h
configure:5298: gcc -c -g -O2  conftest.c >&5
configure:5298: $? = 0
configure:5298: result: yes
configure:5298: checking for inttypes.h
configure:5298: gcc -c -g -O2  conftest.c >&5
configure:5298: $? = 0
configure:5298: result: yes
configure:5298: checking for stdint.h
configure:5298: gcc -c -g -O2  conftest.c >&5
configure:5298: $? = 0
configure:5298: result: yes
configure:5298: checking for strings.h
configure:5298: gcc -c -g -O2  conftest.c >&5
configure:5298: $? = 0
configure:5298: result: yes
configure:5298: checking for sys/stat.h
configure:5298: gcc -c -g -O2  conftest.c >&5
configure:5298: $? = 0
configure:5298: result: yes
configure:5298: checking for sys/types.h
configure:5298: gcc -c -g -O2  conftest.c >&5
configure:5298: $? = 0
configure:5298: result: yes
configure:5298: checking for unistd.h
configure:5298: gcc -c -g -O2  conftest.c >&5
configure:5298: $? = 0
configure:5298: result: yes
configure:5298: checking for wchar.h
configure:5298: gcc -c -g -O2  conftest.c >&5
configure:5298: $? = 0
configure:5298: result: yes
configure:5298: checking for minix/config.h
configure:5298: gcc -c -g -O2  conftest.c >&5
conftest.c:49:10: fatal error: minix/config.h: No such file or directory
   49 | #include <minix/config.h>
      |          ^~~~~~~~~~~~~~~~
compilation terminated.
configure:5298: $? = 1
configure: failed program was:
| /* confdefs.h */
| #define PACKAGE_NAME "shadow"
| #define PACKAGE_TARNAME "shadow"
| #define PACKAGE_VERSION "4.19.3"
| #define PACKAGE_STRING "shadow 4.19.3"
| #define PACKAGE_BUGREPORT "pkg-shadow-devel@lists.alioth.debian.org"
| #define PACKAGE_URL "https://github.com/shadow-maint/shadow"
| #define PACKAGE "shadow"
| #define VERSION "4.19.3"
| #define HAVE_STDIO_H 1
| #define HAVE_STDLIB_H 1
| #define HAVE_STRING_H 1
| #define HAVE_INTTYPES_H 1
| #define HAVE_STDINT_H 1
| #define HAVE_STRINGS_H 1
| #define HAVE_SYS_STAT_H 1
| #define HAVE_SYS_TYPES_H 1
| #define HAVE_UNISTD_H 1
| #define HAVE_WCHAR_H 1
| /* end confdefs.h.  */
| #include <stddef.h>
| #ifdef HAVE_STDIO_H
| # include <stdio.h>
| #endif
| #ifdef HAVE_STDLIB_H
| # include <stdlib.h>
| #endif
| #ifdef HAVE_STRING_H
| # include <string.h>
| #endif
| #ifdef HAVE_INTTYPES_H
| # include <inttypes.h>
| #endif
| #ifdef HAVE_STDINT_H
| # include <stdint.h>
| #endif
| #ifdef HAVE_STRINGS_H
| # include <strings.h>
| #endif
| #ifdef HAVE_SYS_TYPES_H
| # include <sys/types.h>
| #endif
| #ifdef HAVE_SYS_STAT_H
| # include <sys/stat.h>
| #endif
| #ifdef HAVE_UNISTD_H
| # include <unistd.h>
| #endif
| #include <minix/config.h>
configure:5298: result: no
configure:5298: checking for utime.h
configure:5298: gcc -c -g -O2  conftest.c >&5
configure:5298: $? = 0
configure:5298: result: yes
configure:5329: checking whether it is safe to define __EXTENSIONS__
configure:5348: gcc -c -g -O2  conftest.c >&5
configure:5348: $? = 0
configure:5358: result: yes
configure:5361: checking whether _XOPEN_SOURCE should be defined
configure:5383: gcc -c -g -O2  conftest.c >&5
configure:5383: $? = 0
configure:5412: result: no
configure:5540: checking whether to enable maintainer-specific portions of Makefiles
configure:5551: result: no
configure:5619: checking for gcc
configure:5652: result: gcc
configure:6011: checking for C compiler version
configure:6020: gcc --version >&5
gcc (GCC) 15.2.0
Copyright (C) 2025 Free Software Foundation, Inc.
This is free software; see the source for copying conditions.  There is NO
warranty; not even for MERCHANTABILITY or FITNESS FOR A PARTICULAR PURPOSE.

configure:6031: $? = 0
configure:6020: gcc -v >&5
Using built-in specs.
COLLECT_GCC=gcc
COLLECT_LTO_WRAPPER=/usr/libexec/gcc/x86_64-pc-linux-gnu/15.2.0/lto-wrapper
Target: x86_64-pc-linux-gnu
Configured with: ../configure --prefix=/usr LD=ld --enable-languages=c,c++ --enable-default-pie --enable-default-ssp --enable-host-pie --disable-multilib --disable-bootstrap --disable-fixincludes --with-system-zlib
Thread model: posix
Supported LTO compression algorithms: zlib zstd
gcc version 15.2.0 (GCC) 
configure:6031: $? = 0
configure:6020: gcc -V >&5
gcc: error: unrecognized command-line option '-V'
gcc: fatal error: no input files
compilation terminated.
configure:6031: $? = 1
configure:6020: gcc -qversion >&5
gcc: error: unrecognized command-line option '-qversion'; did you mean '--version'?
gcc: fatal error: no input files
compilation terminated.
configure:6031: $? = 1
configure:6020: gcc -version >&5
gcc: error: unrecognized command-line option '-version'
gcc: fatal error: no input files
compilation terminated.
configure:6031: $? = 1
configure:6035: checking whether the compiler supports GNU C
configure:6067: result: yes
configure:6078: checking whether gcc accepts -g
configure:6146: result: yes
configure:6166: checking for gcc option to enable C11 features
configure:6200: result: none needed
configure:6324: checking whether gcc understands -c and -o together
configure:6366: result: yes
configure:6385: checking dependency style of gcc
configure:6498: result: gcc3
configure:6513: checking whether ln -s works
configure:6517: result: yes
configure:6556: checking build system type
configure:6572: result: x86_64-pc-linux-gnu
configure:6592: checking host system type
configure:6607: result: x86_64-pc-linux-gnu
configure:6648: checking how to print strings
configure:6675: result: printf
configure:6696: checking for a sed that does not truncate output
configure:6768: result: /usr/bin/sed
configure:6786: checking for grep that handles long lines and -e
configure:6852: result: /usr/bin/grep
configure:6857: checking for egrep
configure:6927: result: /usr/bin/grep -E
configure:6934: checking for fgrep
configure:7004: result: /usr/bin/grep -F
configure:7041: checking for ld used by gcc
configure:7110: result: /usr/bin/ld
configure:7117: checking if the linker (/usr/bin/ld) is GNU ld
configure:7134: result: yes
configure:7146: checking for BSD- or MS-compatible name lister (nm)
configure:7202: result: /usr/bin/nm -B
configure:7344: checking the name lister (/usr/bin/nm -B) interface
configure:7352: gcc -c -g -O2  conftest.c >&5
configure:7355: /usr/bin/nm -B "conftest.o"
configure:7358: output
0000000000000000 B some_variable
configure:7366: result: BSD nm
configure:7370: checking the maximum length of command line arguments
configure:7503: result: 1572864
configure:7551: checking how to convert x86_64-pc-linux-gnu file names to x86_64-pc-linux-gnu format
configure:7593: result: func_convert_file_noop
configure:7600: checking how to convert x86_64-pc-linux-gnu file names to toolchain format
configure:7622: result: func_convert_file_noop
configure:7629: checking for /usr/bin/ld option to reload object files
configure:7638: result: -r
configure:7671: checking for file
configure:7692: found /usr/bin/file
configure:7705: result: file
configure:7768: checking for objdump
configure:7789: found /usr/bin/objdump
configure:7801: result: objdump
configure:7833: checking how to recognize dependent libraries
configure:8042: result: pass_all
configure:8133: checking for dlltool
configure:8169: result: no
configure:8199: checking how to associate runtime and link libraries
configure:8228: result: printf %s\n
configure:8288: checking for ranlib
configure:8309: found /usr/bin/ranlib
configure:8321: result: ranlib
configure:8398: checking for ar
configure:8419: found /usr/bin/ar
configure:8431: result: ar
configure:8484: checking for archiver @FILE support
configure:8502: gcc -c -g -O2  conftest.c >&5
configure:8502: $? = 0
configure:8506: ar cr libconftest.a @conftest.lst >&5
configure:8509: $? = 0
configure:8514: ar cr libconftest.a @conftest.lst >&5
ar: conftest.o: No such file or directory
configure:8517: $? = 1
configure:8530: result: @
configure:8594: checking for strip
configure:8615: found /usr/bin/strip
configure:8627: result: strip
configure:8730: checking command to parse /usr/bin/nm -B output from gcc object
configure:8884: gcc -c -g -O2  conftest.c >&5
configure:8887: $? = 0
configure:8891: /usr/bin/nm -B conftest.o | /usr/bin/sed -n -e 's/^.*[	 ]\([ABCDGIRSTW][ABCDGIRSTW]*\)[	 ][	 ]*\([_A-Za-z][_A-Za-z0-9]*\)$/\1 \2 \2/p' | /usr/bin/sed '/ __gnu_lto/d' > conftest.nm
configure:8957: gcc -o conftest -g -O2   conftest.c conftstm.o >&5
configure:8960: $? = 0
configure:8999: result: ok
configure:9046: checking for sysroot
configure:9080: result: no
configure:9087: checking for a working dd
configure:9132: result: /usr/bin/dd
configure:9136: checking how to truncate binary pipes
configure:9153: result: /usr/bin/dd bs=4096 count=1
configure:9290: gcc -c -g -O2  conftest.c >&5
configure:9293: $? = 0
configure:9493: checking for mt
configure:9529: result: no
configure:9549: checking if : is a manifest tool
configure:9556: : '-?'
configure:9565: result: no
configure:10358: checking for dlfcn.h
configure:10358: gcc -c -g -O2  conftest.c >&5
configure:10358: $? = 0
configure:10358: result: yes
configure:10597: checking for objdir
configure:10614: result: .libs
configure:10880: checking if gcc supports -fno-rtti -fno-exceptions
configure:10899: gcc -c -g -O2  -fno-rtti -fno-exceptions conftest.c >&5
cc1: warning: command-line option '-fno-rtti' is valid for C++/D/ObjC++ but not for C
configure:10903: $? = 0
configure:10917: result: no
configure:11296: checking for gcc option to produce PIC
configure:11305: result: -fPIC -DPIC
configure:11313: checking if gcc PIC flag -fPIC -DPIC works
configure:11332: gcc -c -g -O2  -fPIC -DPIC -DPIC conftest.c >&5
configure:11336: $? = 0
configure:11350: result: yes
configure:11379: checking if gcc static flag -static works
configure:11409: result: yes
configure:11424: checking if gcc supports -c -o file.o
configure:11446: gcc -c -g -O2  -o out/conftest2.o conftest.c >&5
configure:11450: $? = 0
configure:11473: result: yes
configure:11481: checking if gcc supports -c -o file.o
configure:11530: result: yes
configure:11563: checking whether the gcc linker (/usr/bin/ld -m elf_x86_64) supports shared libraries
configure:12851: result: yes
configure:12888: checking whether -lc should be explicitly linked in
configure:12897: gcc -c -g -O2  conftest.c >&5
configure:12900: $? = 0
configure:12915: gcc -shared  -fPIC -DPIC conftest.o  -v -Wl,-soname -Wl,conftest -o conftest 2\>\&1 \| /usr/bin/grep  -lc  \>/dev/null 2\>\&1
configure:12918: $? = 0
configure:12933: result: no
configure:13093: checking dynamic linker characteristics
configure:13712: gcc -o conftest -g -O2   -Wl,-rpath -Wl,/foo conftest.c  >&5
configure:13712: $? = 0
configure:14495: result: GNU/Linux ld.so
configure:14617: checking how to hardcode library paths into programs
configure:14642: result: immediate
configure:15242: checking whether stripping libraries is possible
configure:15251: result: yes
configure:15293: checking if libtool supports shared libraries
configure:15295: result: yes
configure:15298: checking whether to build shared libraries
configure:15323: result: yes
configure:15326: checking whether to build static libraries
configure:15330: result: no
configure:15367: checking for gcc options needed to detect all undeclared functions
configure:15389: gcc -c -g -O2   conftest.c >&5
conftest.c: In function 'main':
conftest.c:46:8: error: 'strchr' undeclared (first use in this function)
   46 | (void) strchr;
      |        ^~~~~~
conftest.c:1:1: note: 'strchr' is defined in header '<string.h>'; this is probably fixable by adding '#include <string.h>'
    1 | /* confdefs.h */
conftest.c:46:8: note: each undeclared identifier is reported only once for each function it appears in
   46 | (void) strchr;
      |        ^~~~~~
configure:15389: $? = 1
configure: failed program was:
| /* confdefs.h */
| #define PACKAGE_NAME "shadow"
| #define PACKAGE_TARNAME "shadow"
| #define PACKAGE_VERSION "4.19.3"
| #define PACKAGE_STRING "shadow 4.19.3"
| #define PACKAGE_BUGREPORT "pkg-shadow-devel@lists.alioth.debian.org"
| #define PACKAGE_URL "https://github.com/shadow-maint/shadow"
| #define PACKAGE "shadow"
| #define VERSION "4.19.3"
| #define HAVE_STDIO_H 1
| #define HAVE_STDLIB_H 1
| #define HAVE_STRING_H 1
| #define HAVE_INTTYPES_H 1
| #define HAVE_STDINT_H 1
| #define HAVE_STRINGS_H 1
| #define HAVE_SYS_STAT_H 1
| #define HAVE_SYS_TYPES_H 1
| #define HAVE_UNISTD_H 1
| #define HAVE_WCHAR_H 1
| #define HAVE_UTIME_H 1
| #define STDC_HEADERS 1
| #define _ALL_SOURCE 1
| #define _DARWIN_C_SOURCE 1
| #define _GNU_SOURCE 1
| #define _HPUX_ALT_XOPEN_SOCKET_API 1
| #define _NETBSD_SOURCE 1
| #define _OPENBSD_SOURCE 1
| #define _POSIX_PTHREAD_SEMANTICS 1
| #define __STDC_WANT_IEC_60559_ATTRIBS_EXT__ 1
| #define __STDC_WANT_IEC_60559_BFP_EXT__ 1
| #define __STDC_WANT_IEC_60559_DFP_EXT__ 1
| #define __STDC_WANT_IEC_60559_EXT__ 1
| #define __STDC_WANT_IEC_60559_FUNCS_EXT__ 1
| #define __STDC_WANT_IEC_60559_TYPES_EXT__ 1
| #define __STDC_WANT_LIB_EXT2__ 1
| #define __STDC_WANT_MATH_SPEC_FUNCS__ 1
| #define _TANDEM_SOURCE 1
| #define __EXTENSIONS__ 1
| #define HAVE_DLFCN_H 1
| #define LT_OBJDIR ".libs/"
| /* end confdefs.h.  */
| 
| int
| main (void)
| {
| (void) strchr;
|   ;
|   return 0;
| }
configure:15416: gcc -c -g -O2   conftest.c >&5
configure:15416: $? = 0
configure:15436: result: none needed
configure:15463: checking for library containing dlopen
configure:15499: gcc -o conftest -g -O2   conftest.c  >&5
configure:15499: $? = 0
configure:15521: result: none required
configure:15621: checking for dlerror
configure:15621: gcc -o conftest -g -O2   conftest.c   >&5
configure:15621: $? = 0
configure:15621: result: yes
configure:15633: checking for shl_load
configure:15633: gcc -o conftest -g -O2   conftest.c  >&5
/usr/bin/ld: /tmp/cckdTUim.o: in function `main':
/home/riy/GitHub/Supplements/Website/Packages/build-shadow-4.19.3/shadow-4.19.3/conftest.c:71:(.text.startup+0x5): undefined reference to `shl_load'
collect2: error: ld returned 1 exit status
configure:15633: $? = 1
configure: failed program was:
| /* confdefs.h */
| #define PACKAGE_NAME "shadow"
| #define PACKAGE_TARNAME "shadow"
| #define PACKAGE_VERSION "4.19.3"
| #define PACKAGE_STRING "shadow 4.19.3"
| #define PACKAGE_BUGREPORT "pkg-shadow-devel@lists.alioth.debian.org"
| #define PACKAGE_URL "https://github.com/shadow-maint/shadow"
| #define PACKAGE "shadow"
| #define VERSION "4.19.3"
| #define HAVE_STDIO_H 1
| #define HAVE_STDLIB_H 1
| #define HAVE_STRING_H 1
| #define HAVE_INTTYPES_H 1
| #define HAVE_STDINT_H 1
| #define HAVE_STRINGS_H 1
| #define HAVE_SYS_STAT_H 1
| #define HAVE_SYS_TYPES_H 1
| #define HAVE_UNISTD_H 1
| #define HAVE_WCHAR_H 1
| #define HAVE_UTIME_H 1
| #define STDC_HEADERS 1
| #define _ALL_SOURCE 1
| #define _DARWIN_C_SOURCE 1
| #define _GNU_SOURCE 1
| #define _HPUX_ALT_XOPEN_SOCKET_API 1
| #define _NETBSD_SOURCE 1
| #define _OPENBSD_SOURCE 1
| #define _POSIX_PTHREAD_SEMANTICS 1
| #define __STDC_WANT_IEC_60559_ATTRIBS_EXT__ 1
| #define __STDC_WANT_IEC_60559_BFP_EXT__ 1
| #define __STDC_WANT_IEC_60559_DFP_EXT__ 1
| #define __STDC_WANT_IEC_60559_EXT__ 1
| #define __STDC_WANT_IEC_60559_FUNCS_EXT__ 1
| #define __STDC_WANT_IEC_60559_TYPES_EXT__ 1
| #define __STDC_WANT_LIB_EXT2__ 1
| #define __STDC_WANT_MATH_SPEC_FUNCS__ 1
| #define _TANDEM_SOURCE 1
| #define __EXTENSIONS__ 1
| #define HAVE_DLFCN_H 1
| #define LT_OBJDIR ".libs/"
| #define HAVE_LIBDL 1
| #define HAVE_DLERROR 1
| /* end confdefs.h.  */
| /* Define shl_load to an innocuous variant, in case <limits.h> declares shl_load.
|    For example, HP-UX 11i <limits.h> declares gettimeofday.  */
| #define shl_load innocuous_shl_load
| 
| /* System header to define __stub macros and hopefully few prototypes,
|    which can conflict with char shl_load (void); below.  */
| 
| #include <limits.h>
| #undef shl_load
| 
| /* Override any GCC internal prototype to avoid an error.
|    Use char because int might match the return type of a GCC
|    builtin and then its argument prototype would still apply.  */
| #ifdef __cplusplus
| extern "C"
| #endif
| char shl_load (void);
| /* The GNU C library defines this for functions which it implements
|     to always fail with ENOSYS.  Some functions are actually named
|     something starting with __ and the normal name is an alias.  */
| #if defined __stub_shl_load || defined __stub___shl_load
| choke me
| #endif
| 
| int
| main (void)
| {
| return shl_load ();
|   ;
|   return 0;
| }
configure:15633: result: no
configure:15641: checking for shl_load in -ldld
configure:15670: gcc -o conftest -g -O2   conftest.c -ldld   >&5
/usr/bin/ld: cannot find -ldld: No such file or directory
collect2: error: ld returned 1 exit status
configure:15670: $? = 1
configure: failed program was:
| /* confdefs.h */
| #define PACKAGE_NAME "shadow"
| #define PACKAGE_TARNAME "shadow"
| #define PACKAGE_VERSION "4.19.3"
| #define PACKAGE_STRING "shadow 4.19.3"
| #define PACKAGE_BUGREPORT "pkg-shadow-devel@lists.alioth.debian.org"
| #define PACKAGE_URL "https://github.com/shadow-maint/shadow"
| #define PACKAGE "shadow"
| #define VERSION "4.19.3"
| #define HAVE_STDIO_H 1
| #define HAVE_STDLIB_H 1
| #define HAVE_STRING_H 1
| #define HAVE_INTTYPES_H 1
| #define HAVE_STDINT_H 1
| #define HAVE_STRINGS_H 1
| #define HAVE_SYS_STAT_H 1
| #define HAVE_SYS_TYPES_H 1
| #define HAVE_UNISTD_H 1
| #define HAVE_WCHAR_H 1
| #define HAVE_UTIME_H 1
| #define STDC_HEADERS 1
| #define _ALL_SOURCE 1
| #define _DARWIN_C_SOURCE 1
| #define _GNU_SOURCE 1
| #define _HPUX_ALT_XOPEN_SOCKET_API 1
| #define _NETBSD_SOURCE 1
| #define _OPENBSD_SOURCE 1
| #define _POSIX_PTHREAD_SEMANTICS 1
| #define __STDC_WANT_IEC_60559_ATTRIBS_EXT__ 1
| #define __STDC_WANT_IEC_60559_BFP_EXT__ 1
| #define __STDC_WANT_IEC_60559_DFP_EXT__ 1
| #define __STDC_WANT_IEC_60559_EXT__ 1
| #define __STDC_WANT_IEC_60559_FUNCS_EXT__ 1
| #define __STDC_WANT_IEC_60559_TYPES_EXT__ 1
| #define __STDC_WANT_LIB_EXT2__ 1
| #define __STDC_WANT_MATH_SPEC_FUNCS__ 1
| #define _TANDEM_SOURCE 1
| #define __EXTENSIONS__ 1
| #define HAVE_DLFCN_H 1
| #define LT_OBJDIR ".libs/"
| #define HAVE_LIBDL 1
| #define HAVE_DLERROR 1
| /* end confdefs.h.  */
| 
| /* Override any GCC internal prototype to avoid an error.
|    Use char because int might match the return type of a GCC
|    builtin and then its argument prototype would still apply.
|    The 'extern "C"' is for builds by C++ compilers;
|    although this is not generally supported in C code supporting it here
|    has little cost and some practical benefit (sr 110532).  */
| #ifdef __cplusplus
| extern "C"
| #endif
| char shl_load (void);
| int
| main (void)
| {
| return shl_load ();
|   ;
|   return 0;
| }
configure:15682: result: no
configure:15730: checking for dld_link in -ldld
configure:15759: gcc -o conftest -g -O2   conftest.c -ldld   >&5
/usr/bin/ld: cannot find -ldld: No such file or directory
collect2: error: ld returned 1 exit status
configure:15759: $? = 1
configure: failed program was:
| /* confdefs.h */
| #define PACKAGE_NAME "shadow"
| #define PACKAGE_TARNAME "shadow"
| #define PACKAGE_VERSION "4.19.3"
| #define PACKAGE_STRING "shadow 4.19.3"
| #define PACKAGE_BUGREPORT "pkg-shadow-devel@lists.alioth.debian.org"
| #define PACKAGE_URL "https://github.com/shadow-maint/shadow"
| #define PACKAGE "shadow"
| #define VERSION "4.19.3"
| #define HAVE_STDIO_H 1
| #define HAVE_STDLIB_H 1
| #define HAVE_STRING_H 1
| #define HAVE_INTTYPES_H 1
| #define HAVE_STDINT_H 1
| #define HAVE_STRINGS_H 1
| #define HAVE_SYS_STAT_H 1
| #define HAVE_SYS_TYPES_H 1
| #define HAVE_UNISTD_H 1
| #define HAVE_WCHAR_H 1
| #define HAVE_UTIME_H 1
| #define STDC_HEADERS 1
| #define _ALL_SOURCE 1
| #define _DARWIN_C_SOURCE 1
| #define _GNU_SOURCE 1
| #define _HPUX_ALT_XOPEN_SOCKET_API 1
| #define _NETBSD_SOURCE 1
| #define _OPENBSD_SOURCE 1
| #define _POSIX_PTHREAD_SEMANTICS 1
| #define __STDC_WANT_IEC_60559_ATTRIBS_EXT__ 1
| #define __STDC_WANT_IEC_60559_BFP_EXT__ 1
| #define __STDC_WANT_IEC_60559_DFP_EXT__ 1
| #define __STDC_WANT_IEC_60559_EXT__ 1
| #define __STDC_WANT_IEC_60559_FUNCS_EXT__ 1
| #define __STDC_WANT_IEC_60559_TYPES_EXT__ 1
| #define __STDC_WANT_LIB_EXT2__ 1
| #define __STDC_WANT_MATH_SPEC_FUNCS__ 1
| #define _TANDEM_SOURCE 1
| #define __EXTENSIONS__ 1
| #define HAVE_DLFCN_H 1
| #define LT_OBJDIR ".libs/"
| #define HAVE_LIBDL 1
| #define HAVE_DLERROR 1
| /* end confdefs.h.  */
| 
| /* Override any GCC internal prototype to avoid an error.
|    Use char because int might match the return type of a GCC
|    builtin and then its argument prototype would still apply.
|    The 'extern "C"' is for builds by C++ compilers;
|    although this is not generally supported in C code supporting it here
|    has little cost and some practical benefit (sr 110532).  */
| #ifdef __cplusplus
| extern "C"
| #endif
| char dld_link (void);
| int
| main (void)
| {
| return dld_link ();
|   ;
|   return 0;
| }
configure:15771: result: no
configure:15809: checking for shadow.h
configure:15809: gcc -c -g -O2  conftest.c >&5
configure:15809: $? = 0
configure:15809: result: yes
configure:15819: checking for arc4random_buf
configure:15819: gcc -o conftest -g -O2   conftest.c  >&5
configure:15819: $? = 0
configure:15819: result: yes
configure:15825: checking for getentropy
configure:15825: gcc -o conftest -g -O2   conftest.c  >&5
configure:15825: $? = 0
configure:15825: result: yes
configure:15831: checking for getrandom
configure:15831: gcc -o conftest -g -O2   conftest.c  >&5
configure:15831: $? = 0
configure:15831: result: yes
configure:15837: checking for lckpwdf
configure:15837: gcc -o conftest -g -O2   conftest.c  >&5
configure:15837: $? = 0
configure:15837: result: yes
configure:15843: checking for lutimes
configure:15843: gcc -o conftest -g -O2   conftest.c  >&5
configure:15843: $? = 0
configure:15843: result: yes
configure:15849: checking for updwtmpx
configure:15849: gcc -o conftest -g -O2   conftest.c  >&5
configure:15849: $? = 0
configure:15849: result: yes
configure:15855: checking for innetgr
configure:15855: gcc -o conftest -g -O2   conftest.c  >&5
configure:15855: $? = 0
configure:15855: result: yes
configure:15861: checking for getspnam_r
configure:15861: gcc -o conftest -g -O2   conftest.c  >&5
configure:15861: $? = 0
configure:15861: result: yes
configure:15867: checking for rpmatch
configure:15867: gcc -o conftest -g -O2   conftest.c  >&5
configure:15867: $? = 0
configure:15867: result: yes
configure:15873: checking for memset_explicit
configure:15873: gcc -o conftest -g -O2   conftest.c  >&5
configure:15873: $? = 0
configure:15873: result: yes
configure:15879: checking for explicit_bzero
configure:15879: gcc -o conftest -g -O2   conftest.c  >&5
configure:15879: $? = 0
configure:15879: result: yes
configure:15885: checking for stpecpy
configure:15885: gcc -o conftest -g -O2   conftest.c  >&5
/usr/bin/ld: /tmp/cci8QZMY.o: in function `main':
/home/riy/GitHub/Supplements/Website/Packages/build-shadow-4.19.3/shadow-4.19.3/conftest.c:83:(.text.startup+0x5): undefined reference to `stpecpy'
collect2: error: ld returned 1 exit status
configure:15885: $? = 1
configure: failed program was:
| /* confdefs.h */
| #define PACKAGE_NAME "shadow"
| #define PACKAGE_TARNAME "shadow"
| #define PACKAGE_VERSION "4.19.3"
| #define PACKAGE_STRING "shadow 4.19.3"
| #define PACKAGE_BUGREPORT "pkg-shadow-devel@lists.alioth.debian.org"
| #define PACKAGE_URL "https://github.com/shadow-maint/shadow"
| #define PACKAGE "shadow"
| #define VERSION "4.19.3"
| #define HAVE_STDIO_H 1
| #define HAVE_STDLIB_H 1
| #define HAVE_STRING_H 1
| #define HAVE_INTTYPES_H 1
| #define HAVE_STDINT_H 1
| #define HAVE_STRINGS_H 1
| #define HAVE_SYS_STAT_H 1
| #define HAVE_SYS_TYPES_H 1
| #define HAVE_UNISTD_H 1
| #define HAVE_WCHAR_H 1
| #define HAVE_UTIME_H 1
| #define STDC_HEADERS 1
| #define _ALL_SOURCE 1
| #define _DARWIN_C_SOURCE 1
| #define _GNU_SOURCE 1
| #define _HPUX_ALT_XOPEN_SOCKET_API 1
| #define _NETBSD_SOURCE 1
| #define _OPENBSD_SOURCE 1
| #define _POSIX_PTHREAD_SEMANTICS 1
| #define __STDC_WANT_IEC_60559_ATTRIBS_EXT__ 1
| #define __STDC_WANT_IEC_60559_BFP_EXT__ 1
| #define __STDC_WANT_IEC_60559_DFP_EXT__ 1
| #define __STDC_WANT_IEC_60559_EXT__ 1
| #define __STDC_WANT_IEC_60559_FUNCS_EXT__ 1
| #define __STDC_WANT_IEC_60559_TYPES_EXT__ 1
| #define __STDC_WANT_LIB_EXT2__ 1
| #define __STDC_WANT_MATH_SPEC_FUNCS__ 1
| #define _TANDEM_SOURCE 1
| #define __EXTENSIONS__ 1
| #define HAVE_DLFCN_H 1
| #define LT_OBJDIR ".libs/"
| #define HAVE_LIBDL 1
| #define HAVE_DLERROR 1
| #define HAVE_LIBDLLOADER 1
| #define HAVE_ARC4RANDOM_BUF 1
| #define HAVE_GETENTROPY 1
| #define HAVE_GETRANDOM 1
| #define HAVE_LCKPWDF 1
| #define HAVE_LUTIMES 1
| #define HAVE_UPDWTMPX 1
| #define HAVE_INNETGR 1
| #define HAVE_GETSPNAM_R 1
| #define HAVE_RPMATCH 1
| #define HAVE_MEMSET_EXPLICIT 1
| #define HAVE_EXPLICIT_BZERO 1
| /* end confdefs.h.  */
| /* Define stpecpy to an innocuous variant, in case <limits.h> declares stpecpy.
|    For example, HP-UX 11i <limits.h> declares gettimeofday.  */
| #define stpecpy innocuous_stpecpy
| 
| /* System header to define __stub macros and hopefully few prototypes,
|    which can conflict with char stpecpy (void); below.  */
| 
| #include <limits.h>
| #undef stpecpy
| 
| /* Override any GCC internal prototype to avoid an error.
|    Use char because int might match the return type of a GCC
|    builtin and then its argument prototype would still apply.  */
| #ifdef __cplusplus
| extern "C"
| #endif
| char stpecpy (void);
| /* The GNU C library defines this for functions which it implements
|     to always fail with ENOSYS.  Some functions are actually named
|     something starting with __ and the normal name is an alias.  */
| #if defined __stub_stpecpy || defined __stub___stpecpy
| choke me
| #endif
| 
| int
| main (void)
| {
| return stpecpy ();
|   ;
|   return 0;
| }
configure:15885: result: no
configure:15891: checking for stpeprintf
configure:15891: gcc -o conftest -g -O2   conftest.c  >&5
/usr/bin/ld: /tmp/ccUcI9DU.o: in function `main':
/home/riy/GitHub/Supplements/Website/Packages/build-shadow-4.19.3/shadow-4.19.3/conftest.c:83:(.text.startup+0x5): undefined reference to `stpeprintf'
collect2: error: ld returned 1 exit status
configure:15891: $? = 1
configure: failed program was:
| /* confdefs.h */
| #define PACKAGE_NAME "shadow"
| #define PACKAGE_TARNAME "shadow"
| #define PACKAGE_VERSION "4.19.3"
| #define PACKAGE_STRING "shadow 4.19.3"
| #define PACKAGE_BUGREPORT "pkg-shadow-devel@lists.alioth.debian.org"
| #define PACKAGE_URL "https://github.com/shadow-maint/shadow"
| #define PACKAGE "shadow"
| #define VERSION "4.19.3"
| #define HAVE_STDIO_H 1
| #define HAVE_STDLIB_H 1
| #define HAVE_STRING_H 1
| #define HAVE_INTTYPES_H 1
| #define HAVE_STDINT_H 1
| #define HAVE_STRINGS_H 1
| #define HAVE_SYS_STAT_H 1
| #define HAVE_SYS_TYPES_H 1
| #define HAVE_UNISTD_H 1
| #define HAVE_WCHAR_H 1
| #define HAVE_UTIME_H 1
| #define STDC_HEADERS 1
| #define _ALL_SOURCE 1
| #define _DARWIN_C_SOURCE 1
| #define _GNU_SOURCE 1
| #define _HPUX_ALT_XOPEN_SOCKET_API 1
| #define _NETBSD_SOURCE 1
| #define _OPENBSD_SOURCE 1
| #define _POSIX_PTHREAD_SEMANTICS 1
| #define __STDC_WANT_IEC_60559_ATTRIBS_EXT__ 1
| #define __STDC_WANT_IEC_60559_BFP_EXT__ 1
| #define __STDC_WANT_IEC_60559_DFP_EXT__ 1
| #define __STDC_WANT_IEC_60559_EXT__ 1
| #define __STDC_WANT_IEC_60559_FUNCS_EXT__ 1
| #define __STDC_WANT_IEC_60559_TYPES_EXT__ 1
| #define __STDC_WANT_LIB_EXT2__ 1
| #define __STDC_WANT_MATH_SPEC_FUNCS__ 1
| #define _TANDEM_SOURCE 1
| #define __EXTENSIONS__ 1
| #define HAVE_DLFCN_H 1
| #define LT_OBJDIR ".libs/"
| #define HAVE_LIBDL 1
| #define HAVE_DLERROR 1
| #define HAVE_LIBDLLOADER 1
| #define HAVE_ARC4RANDOM_BUF 1
| #define HAVE_GETENTROPY 1
| #define HAVE_GETRANDOM 1
| #define HAVE_LCKPWDF 1
| #define HAVE_LUTIMES 1
| #define HAVE_UPDWTMPX 1
| #define HAVE_INNETGR 1
| #define HAVE_GETSPNAM_R 1
| #define HAVE_RPMATCH 1
| #define HAVE_MEMSET_EXPLICIT 1
| #define HAVE_EXPLICIT_BZERO 1
| /* end confdefs.h.  */
| /* Define stpeprintf to an innocuous variant, in case <limits.h> declares stpeprintf.
|    For example, HP-UX 11i <limits.h> declares gettimeofday.  */
| #define stpeprintf innocuous_stpeprintf
| 
| /* System header to define __stub macros and hopefully few prototypes,
|    which can conflict with char stpeprintf (void); below.  */
| 
| #include <limits.h>
| #undef stpeprintf
| 
| /* Override any GCC internal prototype to avoid an error.
|    Use char because int might match the return type of a GCC
|    builtin and then its argument prototype would still apply.  */
| #ifdef __cplusplus
| extern "C"
| #endif
| char stpeprintf (void);
| /* The GNU C library defines this for functions which it implements
|     to always fail with ENOSYS.  Some functions are actually named
|     something starting with __ and the normal name is an alias.  */
| #if defined __stub_stpeprintf || defined __stub___stpeprintf
| choke me
| #endif
| 
| int
| main (void)
| {
| return stpeprintf ();
|   ;
|   return 0;
| }
configure:15891: result: no
configure:15905: checking for  option for large files
configure:15940: gcc -c -g -O2  conftest.c >&5
configure:15940: $? = 0
configure:15946: gcc -c -g -O2  -DFTYPE=ino_t conftest.c >&5
configure:15946: $? = 0
configure:15971: result: none needed
configure:16073: checking for struct utmpx.ut_name
configure:16073: gcc -c -g -O2  conftest.c >&5
conftest.c: In function 'main':
conftest.c:62:12: error: 'struct utmpx' has no member named 'ut_name'
   62 | if (ac_aggr.ut_name)
      |            ^
configure:16073: $? = 1
configure: failed program was:
| /* confdefs.h */
| #define PACKAGE_NAME "shadow"
| #define PACKAGE_TARNAME "shadow"
| #define PACKAGE_VERSION "4.19.3"
| #define PACKAGE_STRING "shadow 4.19.3"
| #define PACKAGE_BUGREPORT "pkg-shadow-devel@lists.alioth.debian.org"
| #define PACKAGE_URL "https://github.com/shadow-maint/shadow"
| #define PACKAGE "shadow"
| #define VERSION "4.19.3"
| #define HAVE_STDIO_H 1
| #define HAVE_STDLIB_H 1
| #define HAVE_STRING_H 1
| #define HAVE_INTTYPES_H 1
| #define HAVE_STDINT_H 1
| #define HAVE_STRINGS_H 1
| #define HAVE_SYS_STAT_H 1
| #define HAVE_SYS_TYPES_H 1
| #define HAVE_UNISTD_H 1
| #define HAVE_WCHAR_H 1
| #define HAVE_UTIME_H 1
| #define STDC_HEADERS 1
| #define _ALL_SOURCE 1
| #define _DARWIN_C_SOURCE 1
| #define _GNU_SOURCE 1
| #define _HPUX_ALT_XOPEN_SOCKET_API 1
| #define _NETBSD_SOURCE 1
| #define _OPENBSD_SOURCE 1
| #define _POSIX_PTHREAD_SEMANTICS 1
| #define __STDC_WANT_IEC_60559_ATTRIBS_EXT__ 1
| #define __STDC_WANT_IEC_60559_BFP_EXT__ 1
| #define __STDC_WANT_IEC_60559_DFP_EXT__ 1
| #define __STDC_WANT_IEC_60559_EXT__ 1
| #define __STDC_WANT_IEC_60559_FUNCS_EXT__ 1
| #define __STDC_WANT_IEC_60559_TYPES_EXT__ 1
| #define __STDC_WANT_LIB_EXT2__ 1
| #define __STDC_WANT_MATH_SPEC_FUNCS__ 1
| #define _TANDEM_SOURCE 1
| #define __EXTENSIONS__ 1
| #define HAVE_DLFCN_H 1
| #define LT_OBJDIR ".libs/"
| #define HAVE_LIBDL 1
| #define HAVE_DLERROR 1
| #define HAVE_LIBDLLOADER 1
| #define HAVE_ARC4RANDOM_BUF 1
| #define HAVE_GETENTROPY 1
| #define HAVE_GETRANDOM 1
| #define HAVE_LCKPWDF 1
| #define HAVE_LUTIMES 1
| #define HAVE_UPDWTMPX 1
| #define HAVE_INNETGR 1
| #define HAVE_GETSPNAM_R 1
| #define HAVE_RPMATCH 1
| #define HAVE_MEMSET_EXPLICIT 1
| #define HAVE_EXPLICIT_BZERO 1
| /* end confdefs.h.  */
| #include <utmpx.h>
| 
| int
| main (void)
| {
| static struct utmpx ac_aggr;
| if (ac_aggr.ut_name)
| return 0;
|   ;
|   return 0;
| }
configure:16073: gcc -c -g -O2  conftest.c >&5
conftest.c: In function 'main':
conftest.c:62:19: error: 'struct utmpx' has no member named 'ut_name'
   62 | if (sizeof ac_aggr.ut_name)
      |                   ^
configure:16073: $? = 1
configure: failed program was:
| /* confdefs.h */
| #define PACKAGE_NAME "shadow"
| #define PACKAGE_TARNAME "shadow"
| #define PACKAGE_VERSION "4.19.3"
| #define PACKAGE_STRING "shadow 4.19.3"
| #define PACKAGE_BUGREPORT "pkg-shadow-devel@lists.alioth.debian.org"
| #define PACKAGE_URL "https://github.com/shadow-maint/shadow"
| #define PACKAGE "shadow"
| #define VERSION "4.19.3"
| #define HAVE_STDIO_H 1
| #define HAVE_STDLIB_H 1
| #define HAVE_STRING_H 1
| #define HAVE_INTTYPES_H 1
| #define HAVE_STDINT_H 1
| #define HAVE_STRINGS_H 1
| #define HAVE_SYS_STAT_H 1
| #define HAVE_SYS_TYPES_H 1
| #define HAVE_UNISTD_H 1
| #define HAVE_WCHAR_H 1
| #define HAVE_UTIME_H 1
| #define STDC_HEADERS 1
| #define _ALL_SOURCE 1
| #define _DARWIN_C_SOURCE 1
| #define _GNU_SOURCE 1
| #define _HPUX_ALT_XOPEN_SOCKET_API 1
| #define _NETBSD_SOURCE 1
| #define _OPENBSD_SOURCE 1
| #define _POSIX_PTHREAD_SEMANTICS 1
| #define __STDC_WANT_IEC_60559_ATTRIBS_EXT__ 1
| #define __STDC_WANT_IEC_60559_BFP_EXT__ 1
| #define __STDC_WANT_IEC_60559_DFP_EXT__ 1
| #define __STDC_WANT_IEC_60559_EXT__ 1
| #define __STDC_WANT_IEC_60559_FUNCS_EXT__ 1
| #define __STDC_WANT_IEC_60559_TYPES_EXT__ 1
| #define __STDC_WANT_LIB_EXT2__ 1
| #define __STDC_WANT_MATH_SPEC_FUNCS__ 1
| #define _TANDEM_SOURCE 1
| #define __EXTENSIONS__ 1
| #define HAVE_DLFCN_H 1
| #define LT_OBJDIR ".libs/"
| #define HAVE_LIBDL 1
| #define HAVE_DLERROR 1
| #define HAVE_LIBDLLOADER 1
| #define HAVE_ARC4RANDOM_BUF 1
| #define HAVE_GETENTROPY 1
| #define HAVE_GETRANDOM 1
| #define HAVE_LCKPWDF 1
| #define HAVE_LUTIMES 1
| #define HAVE_UPDWTMPX 1
| #define HAVE_INNETGR 1
| #define HAVE_GETSPNAM_R 1
| #define HAVE_RPMATCH 1
| #define HAVE_MEMSET_EXPLICIT 1
| #define HAVE_EXPLICIT_BZERO 1
| /* end confdefs.h.  */
| #include <utmpx.h>
| 
| int
| main (void)
| {
| static struct utmpx ac_aggr;
| if (sizeof ac_aggr.ut_name)
| return 0;
|   ;
|   return 0;
| }
configure:16073: result: no
configure:16082: checking for struct utmpx.ut_host
configure:16082: gcc -c -g -O2  conftest.c >&5
configure:16082: $? = 0
configure:16082: result: yes
configure:16091: checking for struct utmpx.ut_syslen
configure:16091: gcc -c -g -O2  conftest.c >&5
conftest.c: In function 'main':
conftest.c:63:12: error: 'struct utmpx' has no member named 'ut_syslen'
   63 | if (ac_aggr.ut_syslen)
      |            ^
configure:16091: $? = 1
configure: failed program was:
| /* confdefs.h */
| #define PACKAGE_NAME "shadow"
| #define PACKAGE_TARNAME "shadow"
| #define PACKAGE_VERSION "4.19.3"
| #define PACKAGE_STRING "shadow 4.19.3"
| #define PACKAGE_BUGREPORT "pkg-shadow-devel@lists.alioth.debian.org"
| #define PACKAGE_URL "https://github.com/shadow-maint/shadow"
| #define PACKAGE "shadow"
| #define VERSION "4.19.3"
| #define HAVE_STDIO_H 1
| #define HAVE_STDLIB_H 1
| #define HAVE_STRING_H 1
| #define HAVE_INTTYPES_H 1
| #define HAVE_STDINT_H 1
| #define HAVE_STRINGS_H 1
| #define HAVE_SYS_STAT_H 1
| #define HAVE_SYS_TYPES_H 1
| #define HAVE_UNISTD_H 1
| #define HAVE_WCHAR_H 1
| #define HAVE_UTIME_H 1
| #define STDC_HEADERS 1
| #define _ALL_SOURCE 1
| #define _DARWIN_C_SOURCE 1
| #define _GNU_SOURCE 1
| #define _HPUX_ALT_XOPEN_SOCKET_API 1
| #define _NETBSD_SOURCE 1
| #define _OPENBSD_SOURCE 1
| #define _POSIX_PTHREAD_SEMANTICS 1
| #define __STDC_WANT_IEC_60559_ATTRIBS_EXT__ 1
| #define __STDC_WANT_IEC_60559_BFP_EXT__ 1
| #define __STDC_WANT_IEC_60559_DFP_EXT__ 1
| #define __STDC_WANT_IEC_60559_EXT__ 1
| #define __STDC_WANT_IEC_60559_FUNCS_EXT__ 1
| #define __STDC_WANT_IEC_60559_TYPES_EXT__ 1
| #define __STDC_WANT_LIB_EXT2__ 1
| #define __STDC_WANT_MATH_SPEC_FUNCS__ 1
| #define _TANDEM_SOURCE 1
| #define __EXTENSIONS__ 1
| #define HAVE_DLFCN_H 1
| #define LT_OBJDIR ".libs/"
| #define HAVE_LIBDL 1
| #define HAVE_DLERROR 1
| #define HAVE_LIBDLLOADER 1
| #define HAVE_ARC4RANDOM_BUF 1
| #define HAVE_GETENTROPY 1
| #define HAVE_GETRANDOM 1
| #define HAVE_LCKPWDF 1
| #define HAVE_LUTIMES 1
| #define HAVE_UPDWTMPX 1
| #define HAVE_INNETGR 1
| #define HAVE_GETSPNAM_R 1
| #define HAVE_RPMATCH 1
| #define HAVE_MEMSET_EXPLICIT 1
| #define HAVE_EXPLICIT_BZERO 1
| #define HAVE_STRUCT_UTMPX_UT_HOST 1
| /* end confdefs.h.  */
| #include <utmpx.h>
| 
| int
| main (void)
| {
| static struct utmpx ac_aggr;
| if (ac_aggr.ut_syslen)
| return 0;
|   ;
|   return 0;
| }
configure:16091: gcc -c -g -O2  conftest.c >&5
conftest.c: In function 'main':
conftest.c:63:19: error: 'struct utmpx' has no member named 'ut_syslen'
   63 | if (sizeof ac_aggr.ut_syslen)
      |                   ^
configure:16091: $? = 1
configure: failed program was:
| /* confdefs.h */
| #define PACKAGE_NAME "shadow"
| #define PACKAGE_TARNAME "shadow"
| #define PACKAGE_VERSION "4.19.3"
| #define PACKAGE_STRING "shadow 4.19.3"
| #define PACKAGE_BUGREPORT "pkg-shadow-devel@lists.alioth.debian.org"
| #define PACKAGE_URL "https://github.com/shadow-maint/shadow"
| #define PACKAGE "shadow"
| #define VERSION "4.19.3"
| #define HAVE_STDIO_H 1
| #define HAVE_STDLIB_H 1
| #define HAVE_STRING_H 1
| #define HAVE_INTTYPES_H 1
| #define HAVE_STDINT_H 1
| #define HAVE_STRINGS_H 1
| #define HAVE_SYS_STAT_H 1
| #define HAVE_SYS_TYPES_H 1
| #define HAVE_UNISTD_H 1
| #define HAVE_WCHAR_H 1
| #define HAVE_UTIME_H 1
| #define STDC_HEADERS 1
| #define _ALL_SOURCE 1
| #define _DARWIN_C_SOURCE 1
| #define _GNU_SOURCE 1
| #define _HPUX_ALT_XOPEN_SOCKET_API 1
| #define _NETBSD_SOURCE 1
| #define _OPENBSD_SOURCE 1
| #define _POSIX_PTHREAD_SEMANTICS 1
| #define __STDC_WANT_IEC_60559_ATTRIBS_EXT__ 1
| #define __STDC_WANT_IEC_60559_BFP_EXT__ 1
| #define __STDC_WANT_IEC_60559_DFP_EXT__ 1
| #define __STDC_WANT_IEC_60559_EXT__ 1
| #define __STDC_WANT_IEC_60559_FUNCS_EXT__ 1
| #define __STDC_WANT_IEC_60559_TYPES_EXT__ 1
| #define __STDC_WANT_LIB_EXT2__ 1
| #define __STDC_WANT_MATH_SPEC_FUNCS__ 1
| #define _TANDEM_SOURCE 1
| #define __EXTENSIONS__ 1
| #define HAVE_DLFCN_H 1
| #define LT_OBJDIR ".libs/"
| #define HAVE_LIBDL 1
| #define HAVE_DLERROR 1
| #define HAVE_LIBDLLOADER 1
| #define HAVE_ARC4RANDOM_BUF 1
| #define HAVE_GETENTROPY 1
| #define HAVE_GETRANDOM 1
| #define HAVE_LCKPWDF 1
| #define HAVE_LUTIMES 1
| #define HAVE_UPDWTMPX 1
| #define HAVE_INNETGR 1
| #define HAVE_GETSPNAM_R 1
| #define HAVE_RPMATCH 1
| #define HAVE_MEMSET_EXPLICIT 1
| #define HAVE_EXPLICIT_BZERO 1
| #define HAVE_STRUCT_UTMPX_UT_HOST 1
| /* end confdefs.h.  */
| #include <utmpx.h>
| 
| int
| main (void)
| {
| static struct utmpx ac_aggr;
| if (sizeof ac_aggr.ut_syslen)
| return 0;
|   ;
|   return 0;
| }
configure:16091: result: no
configure:16100: checking for struct utmpx.ut_addr
configure:16100: gcc -c -g -O2  conftest.c >&5
conftest.c: In function 'main':
conftest.c:63:12: error: 'struct utmpx' has no member named 'ut_addr'
   63 | if (ac_aggr.ut_addr)
      |            ^
configure:16100: $? = 1
configure: failed program was:
| /* confdefs.h */
| #define PACKAGE_NAME "shadow"
| #define PACKAGE_TARNAME "shadow"
| #define PACKAGE_VERSION "4.19.3"
| #define PACKAGE_STRING "shadow 4.19.3"
| #define PACKAGE_BUGREPORT "pkg-shadow-devel@lists.alioth.debian.org"
| #define PACKAGE_URL "https://github.com/shadow-maint/shadow"
| #define PACKAGE "shadow"
| #define VERSION "4.19.3"
| #define HAVE_STDIO_H 1
| #define HAVE_STDLIB_H 1
| #define HAVE_STRING_H 1
| #define HAVE_INTTYPES_H 1
| #define HAVE_STDINT_H 1
| #define HAVE_STRINGS_H 1
| #define HAVE_SYS_STAT_H 1
| #define HAVE_SYS_TYPES_H 1
| #define HAVE_UNISTD_H 1
| #define HAVE_WCHAR_H 1
| #define HAVE_UTIME_H 1
| #define STDC_HEADERS 1
| #define _ALL_SOURCE 1
| #define _DARWIN_C_SOURCE 1
| #define _GNU_SOURCE 1
| #define _HPUX_ALT_XOPEN_SOCKET_API 1
| #define _NETBSD_SOURCE 1
| #define _OPENBSD_SOURCE 1
| #define _POSIX_PTHREAD_SEMANTICS 1
| #define __STDC_WANT_IEC_60559_ATTRIBS_EXT__ 1
| #define __STDC_WANT_IEC_60559_BFP_EXT__ 1
| #define __STDC_WANT_IEC_60559_DFP_EXT__ 1
| #define __STDC_WANT_IEC_60559_EXT__ 1
| #define __STDC_WANT_IEC_60559_FUNCS_EXT__ 1
| #define __STDC_WANT_IEC_60559_TYPES_EXT__ 1
| #define __STDC_WANT_LIB_EXT2__ 1
| #define __STDC_WANT_MATH_SPEC_FUNCS__ 1
| #define _TANDEM_SOURCE 1
| #define __EXTENSIONS__ 1
| #define HAVE_DLFCN_H 1
| #define LT_OBJDIR ".libs/"
| #define HAVE_LIBDL 1
| #define HAVE_DLERROR 1
| #define HAVE_LIBDLLOADER 1
| #define HAVE_ARC4RANDOM_BUF 1
| #define HAVE_GETENTROPY 1
| #define HAVE_GETRANDOM 1
| #define HAVE_LCKPWDF 1
| #define HAVE_LUTIMES 1
| #define HAVE_UPDWTMPX 1
| #define HAVE_INNETGR 1
| #define HAVE_GETSPNAM_R 1
| #define HAVE_RPMATCH 1
| #define HAVE_MEMSET_EXPLICIT 1
| #define HAVE_EXPLICIT_BZERO 1
| #define HAVE_STRUCT_UTMPX_UT_HOST 1
| /* end confdefs.h.  */
| #include <utmpx.h>
| 
| int
| main (void)
| {
| static struct utmpx ac_aggr;
| if (ac_aggr.ut_addr)
| return 0;
|   ;
|   return 0;
| }
configure:16100: gcc -c -g -O2  conftest.c >&5
conftest.c: In function 'main':
conftest.c:63:19: error: 'struct utmpx' has no member named 'ut_addr'
   63 | if (sizeof ac_aggr.ut_addr)
      |                   ^
configure:16100: $? = 1
configure: failed program was:
| /* confdefs.h */
| #define PACKAGE_NAME "shadow"
| #define PACKAGE_TARNAME "shadow"
| #define PACKAGE_VERSION "4.19.3"
| #define PACKAGE_STRING "shadow 4.19.3"
| #define PACKAGE_BUGREPORT "pkg-shadow-devel@lists.alioth.debian.org"
| #define PACKAGE_URL "https://github.com/shadow-maint/shadow"
| #define PACKAGE "shadow"
| #define VERSION "4.19.3"
| #define HAVE_STDIO_H 1
| #define HAVE_STDLIB_H 1
| #define HAVE_STRING_H 1
| #define HAVE_INTTYPES_H 1
| #define HAVE_STDINT_H 1
| #define HAVE_STRINGS_H 1
| #define HAVE_SYS_STAT_H 1
| #define HAVE_SYS_TYPES_H 1
| #define HAVE_UNISTD_H 1
| #define HAVE_WCHAR_H 1
| #define HAVE_UTIME_H 1
| #define STDC_HEADERS 1
| #define _ALL_SOURCE 1
| #define _DARWIN_C_SOURCE 1
| #define _GNU_SOURCE 1
| #define _HPUX_ALT_XOPEN_SOCKET_API 1
| #define _NETBSD_SOURCE 1
| #define _OPENBSD_SOURCE 1
| #define _POSIX_PTHREAD_SEMANTICS 1
| #define __STDC_WANT_IEC_60559_ATTRIBS_EXT__ 1
| #define __STDC_WANT_IEC_60559_BFP_EXT__ 1
| #define __STDC_WANT_IEC_60559_DFP_EXT__ 1
| #define __STDC_WANT_IEC_60559_EXT__ 1
| #define __STDC_WANT_IEC_60559_FUNCS_EXT__ 1
| #define __STDC_WANT_IEC_60559_TYPES_EXT__ 1
| #define __STDC_WANT_LIB_EXT2__ 1
| #define __STDC_WANT_MATH_SPEC_FUNCS__ 1
| #define _TANDEM_SOURCE 1
| #define __EXTENSIONS__ 1
| #define HAVE_DLFCN_H 1
| #define LT_OBJDIR ".libs/"
| #define HAVE_LIBDL 1
| #define HAVE_DLERROR 1
| #define HAVE_LIBDLLOADER 1
| #define HAVE_ARC4RANDOM_BUF 1
| #define HAVE_GETENTROPY 1
| #define HAVE_GETRANDOM 1
| #define HAVE_LCKPWDF 1
| #define HAVE_LUTIMES 1
| #define HAVE_UPDWTMPX 1
| #define HAVE_INNETGR 1
| #define HAVE_GETSPNAM_R 1
| #define HAVE_RPMATCH 1
| #define HAVE_MEMSET_EXPLICIT 1
| #define HAVE_EXPLICIT_BZERO 1
| #define HAVE_STRUCT_UTMPX_UT_HOST 1
| /* end confdefs.h.  */
| #include <utmpx.h>
| 
| int
| main (void)
| {
| static struct utmpx ac_aggr;
| if (sizeof ac_aggr.ut_addr)
| return 0;
|   ;
|   return 0;
| }
configure:16100: result: no
configure:16109: checking for struct utmpx.ut_addr_v6
configure:16109: gcc -c -g -O2  conftest.c >&5
configure:16109: $? = 0
configure:16109: result: yes
configure:16118: checking for struct utmpx.ut_time
configure:16118: gcc -c -g -O2  conftest.c >&5
conftest.c: In function 'main':
conftest.c:64:13: error: 'struct utmpx' has no member named 'ut_time'; did you mean 'ut_type'?
   64 | if (ac_aggr.ut_time)
      |             ^~~~~~~
      |             ut_type
configure:16118: $? = 1
configure: failed program was:
| /* confdefs.h */
| #define PACKAGE_NAME "shadow"
| #define PACKAGE_TARNAME "shadow"
| #define PACKAGE_VERSION "4.19.3"
| #define PACKAGE_STRING "shadow 4.19.3"
| #define PACKAGE_BUGREPORT "pkg-shadow-devel@lists.alioth.debian.org"
| #define PACKAGE_URL "https://github.com/shadow-maint/shadow"
| #define PACKAGE "shadow"
| #define VERSION "4.19.3"
| #define HAVE_STDIO_H 1
| #define HAVE_STDLIB_H 1
| #define HAVE_STRING_H 1
| #define HAVE_INTTYPES_H 1
| #define HAVE_STDINT_H 1
| #define HAVE_STRINGS_H 1
| #define HAVE_SYS_STAT_H 1
| #define HAVE_SYS_TYPES_H 1
| #define HAVE_UNISTD_H 1
| #define HAVE_WCHAR_H 1
| #define HAVE_UTIME_H 1
| #define STDC_HEADERS 1
| #define _ALL_SOURCE 1
| #define _DARWIN_C_SOURCE 1
| #define _GNU_SOURCE 1
| #define _HPUX_ALT_XOPEN_SOCKET_API 1
| #define _NETBSD_SOURCE 1
| #define _OPENBSD_SOURCE 1
| #define _POSIX_PTHREAD_SEMANTICS 1
| #define __STDC_WANT_IEC_60559_ATTRIBS_EXT__ 1
| #define __STDC_WANT_IEC_60559_BFP_EXT__ 1
| #define __STDC_WANT_IEC_60559_DFP_EXT__ 1
| #define __STDC_WANT_IEC_60559_EXT__ 1
| #define __STDC_WANT_IEC_60559_FUNCS_EXT__ 1
| #define __STDC_WANT_IEC_60559_TYPES_EXT__ 1
| #define __STDC_WANT_LIB_EXT2__ 1
| #define __STDC_WANT_MATH_SPEC_FUNCS__ 1
| #define _TANDEM_SOURCE 1
| #define __EXTENSIONS__ 1
| #define HAVE_DLFCN_H 1
| #define LT_OBJDIR ".libs/"
| #define HAVE_LIBDL 1
| #define HAVE_DLERROR 1
| #define HAVE_LIBDLLOADER 1
| #define HAVE_ARC4RANDOM_BUF 1
| #define HAVE_GETENTROPY 1
| #define HAVE_GETRANDOM 1
| #define HAVE_LCKPWDF 1
| #define HAVE_LUTIMES 1
| #define HAVE_UPDWTMPX 1
| #define HAVE_INNETGR 1
| #define HAVE_GETSPNAM_R 1
| #define HAVE_RPMATCH 1
| #define HAVE_MEMSET_EXPLICIT 1
| #define HAVE_EXPLICIT_BZERO 1
| #define HAVE_STRUCT_UTMPX_UT_HOST 1
| #define HAVE_STRUCT_UTMPX_UT_ADDR_V6 1
| /* end confdefs.h.  */
| #include <utmpx.h>
| 
| int
| main (void)
| {
| static struct utmpx ac_aggr;
| if (ac_aggr.ut_time)
| return 0;
|   ;
|   return 0;
| }
configure:16118: gcc -c -g -O2  conftest.c >&5
conftest.c: In function 'main':
conftest.c:64:20: error: 'struct utmpx' has no member named 'ut_time'; did you mean 'ut_type'?
   64 | if (sizeof ac_aggr.ut_time)
      |                    ^~~~~~~
      |                    ut_type
configure:16118: $? = 1
configure: failed program was:
| /* confdefs.h */
| #define PACKAGE_NAME "shadow"
| #define PACKAGE_TARNAME "shadow"
| #define PACKAGE_VERSION "4.19.3"
| #define PACKAGE_STRING "shadow 4.19.3"
| #define PACKAGE_BUGREPORT "pkg-shadow-devel@lists.alioth.debian.org"
| #define PACKAGE_URL "https://github.com/shadow-maint/shadow"
| #define PACKAGE "shadow"
| #define VERSION "4.19.3"
| #define HAVE_STDIO_H 1
| #define HAVE_STDLIB_H 1
| #define HAVE_STRING_H 1
| #define HAVE_INTTYPES_H 1
| #define HAVE_STDINT_H 1
| #define HAVE_STRINGS_H 1
| #define HAVE_SYS_STAT_H 1
| #define HAVE_SYS_TYPES_H 1
| #define HAVE_UNISTD_H 1
| #define HAVE_WCHAR_H 1
| #define HAVE_UTIME_H 1
| #define STDC_HEADERS 1
| #define _ALL_SOURCE 1
| #define _DARWIN_C_SOURCE 1
| #define _GNU_SOURCE 1
| #define _HPUX_ALT_XOPEN_SOCKET_API 1
| #define _NETBSD_SOURCE 1
| #define _OPENBSD_SOURCE 1
| #define _POSIX_PTHREAD_SEMANTICS 1
| #define __STDC_WANT_IEC_60559_ATTRIBS_EXT__ 1
| #define __STDC_WANT_IEC_60559_BFP_EXT__ 1
| #define __STDC_WANT_IEC_60559_DFP_EXT__ 1
| #define __STDC_WANT_IEC_60559_EXT__ 1
| #define __STDC_WANT_IEC_60559_FUNCS_EXT__ 1
| #define __STDC_WANT_IEC_60559_TYPES_EXT__ 1
| #define __STDC_WANT_LIB_EXT2__ 1
| #define __STDC_WANT_MATH_SPEC_FUNCS__ 1
| #define _TANDEM_SOURCE 1
| #define __EXTENSIONS__ 1
| #define HAVE_DLFCN_H 1
| #define LT_OBJDIR ".libs/"
| #define HAVE_LIBDL 1
| #define HAVE_DLERROR 1
| #define HAVE_LIBDLLOADER 1
| #define HAVE_ARC4RANDOM_BUF 1
| #define HAVE_GETENTROPY 1
| #define HAVE_GETRANDOM 1
| #define HAVE_LCKPWDF 1
| #define HAVE_LUTIMES 1
| #define HAVE_UPDWTMPX 1
| #define HAVE_INNETGR 1
| #define HAVE_GETSPNAM_R 1
| #define HAVE_RPMATCH 1
| #define HAVE_MEMSET_EXPLICIT 1
| #define HAVE_EXPLICIT_BZERO 1
| #define HAVE_STRUCT_UTMPX_UT_HOST 1
| #define HAVE_STRUCT_UTMPX_UT_ADDR_V6 1
| /* end confdefs.h.  */
| #include <utmpx.h>
| 
| int
| main (void)
| {
| static struct utmpx ac_aggr;
| if (sizeof ac_aggr.ut_time)
| return 0;
|   ;
|   return 0;
| }
configure:16118: result: no
configure:16127: checking for struct utmpx.ut_xtime
configure:16127: gcc -c -g -O2  conftest.c >&5
conftest.c: In function 'main':
conftest.c:64:12: error: 'struct utmpx' has no member named 'ut_xtime'
   64 | if (ac_aggr.ut_xtime)
      |            ^
configure:16127: $? = 1
configure: failed program was:
| /* confdefs.h */
| #define PACKAGE_NAME "shadow"
| #define PACKAGE_TARNAME "shadow"
| #define PACKAGE_VERSION "4.19.3"
| #define PACKAGE_STRING "shadow 4.19.3"
| #define PACKAGE_BUGREPORT "pkg-shadow-devel@lists.alioth.debian.org"
| #define PACKAGE_URL "https://github.com/shadow-maint/shadow"
| #define PACKAGE "shadow"
| #define VERSION "4.19.3"
| #define HAVE_STDIO_H 1
| #define HAVE_STDLIB_H 1
| #define HAVE_STRING_H 1
| #define HAVE_INTTYPES_H 1
| #define HAVE_STDINT_H 1
| #define HAVE_STRINGS_H 1
| #define HAVE_SYS_STAT_H 1
| #define HAVE_SYS_TYPES_H 1
| #define HAVE_UNISTD_H 1
| #define HAVE_WCHAR_H 1
| #define HAVE_UTIME_H 1
| #define STDC_HEADERS 1
| #define _ALL_SOURCE 1
| #define _DARWIN_C_SOURCE 1
| #define _GNU_SOURCE 1
| #define _HPUX_ALT_XOPEN_SOCKET_API 1
| #define _NETBSD_SOURCE 1
| #define _OPENBSD_SOURCE 1
| #define _POSIX_PTHREAD_SEMANTICS 1
| #define __STDC_WANT_IEC_60559_ATTRIBS_EXT__ 1
| #define __STDC_WANT_IEC_60559_BFP_EXT__ 1
| #define __STDC_WANT_IEC_60559_DFP_EXT__ 1
| #define __STDC_WANT_IEC_60559_EXT__ 1
| #define __STDC_WANT_IEC_60559_FUNCS_EXT__ 1
| #define __STDC_WANT_IEC_60559_TYPES_EXT__ 1
| #define __STDC_WANT_LIB_EXT2__ 1
| #define __STDC_WANT_MATH_SPEC_FUNCS__ 1
| #define _TANDEM_SOURCE 1
| #define __EXTENSIONS__ 1
| #define HAVE_DLFCN_H 1
| #define LT_OBJDIR ".libs/"
| #define HAVE_LIBDL 1
| #define HAVE_DLERROR 1
| #define HAVE_LIBDLLOADER 1
| #define HAVE_ARC4RANDOM_BUF 1
| #define HAVE_GETENTROPY 1
| #define HAVE_GETRANDOM 1
| #define HAVE_LCKPWDF 1
| #define HAVE_LUTIMES 1
| #define HAVE_UPDWTMPX 1
| #define HAVE_INNETGR 1
| #define HAVE_GETSPNAM_R 1
| #define HAVE_RPMATCH 1
| #define HAVE_MEMSET_EXPLICIT 1
| #define HAVE_EXPLICIT_BZERO 1
| #define HAVE_STRUCT_UTMPX_UT_HOST 1
| #define HAVE_STRUCT_UTMPX_UT_ADDR_V6 1
| /* end confdefs.h.  */
| #include <utmpx.h>
| 
| int
| main (void)
| {
| static struct utmpx ac_aggr;
| if (ac_aggr.ut_xtime)
| return 0;
|   ;
|   return 0;
| }
configure:16127: gcc -c -g -O2  conftest.c >&5
conftest.c: In function 'main':
conftest.c:64:19: error: 'struct utmpx' has no member named 'ut_xtime'
   64 | if (sizeof ac_aggr.ut_xtime)
      |                   ^
configure:16127: $? = 1
configure: failed program was:
| /* confdefs.h */
| #define PACKAGE_NAME "shadow"
| #define PACKAGE_TARNAME "shadow"
| #define PACKAGE_VERSION "4.19.3"
| #define PACKAGE_STRING "shadow 4.19.3"
| #define PACKAGE_BUGREPORT "pkg-shadow-devel@lists.alioth.debian.org"
| #define PACKAGE_URL "https://github.com/shadow-maint/shadow"
| #define PACKAGE "shadow"
| #define VERSION "4.19.3"
| #define HAVE_STDIO_H 1
| #define HAVE_STDLIB_H 1
| #define HAVE_STRING_H 1
| #define HAVE_INTTYPES_H 1
| #define HAVE_STDINT_H 1
| #define HAVE_STRINGS_H 1
| #define HAVE_SYS_STAT_H 1
| #define HAVE_SYS_TYPES_H 1
| #define HAVE_UNISTD_H 1
| #define HAVE_WCHAR_H 1
| #define HAVE_UTIME_H 1
| #define STDC_HEADERS 1
| #define _ALL_SOURCE 1
| #define _DARWIN_C_SOURCE 1
| #define _GNU_SOURCE 1
| #define _HPUX_ALT_XOPEN_SOCKET_API 1
| #define _NETBSD_SOURCE 1
| #define _OPENBSD_SOURCE 1
| #define _POSIX_PTHREAD_SEMANTICS 1
| #define __STDC_WANT_IEC_60559_ATTRIBS_EXT__ 1
| #define __STDC_WANT_IEC_60559_BFP_EXT__ 1
| #define __STDC_WANT_IEC_60559_DFP_EXT__ 1
| #define __STDC_WANT_IEC_60559_EXT__ 1
| #define __STDC_WANT_IEC_60559_FUNCS_EXT__ 1
| #define __STDC_WANT_IEC_60559_TYPES_EXT__ 1
| #define __STDC_WANT_LIB_EXT2__ 1
| #define __STDC_WANT_MATH_SPEC_FUNCS__ 1
| #define _TANDEM_SOURCE 1
| #define __EXTENSIONS__ 1
| #define HAVE_DLFCN_H 1
| #define LT_OBJDIR ".libs/"
| #define HAVE_LIBDL 1
| #define HAVE_DLERROR 1
| #define HAVE_LIBDLLOADER 1
| #define HAVE_ARC4RANDOM_BUF 1
| #define HAVE_GETENTROPY 1
| #define HAVE_GETRANDOM 1
| #define HAVE_LCKPWDF 1
| #define HAVE_LUTIMES 1
| #define HAVE_UPDWTMPX 1
| #define HAVE_INNETGR 1
| #define HAVE_GETSPNAM_R 1
| #define HAVE_RPMATCH 1
| #define HAVE_MEMSET_EXPLICIT 1
| #define HAVE_EXPLICIT_BZERO 1
| #define HAVE_STRUCT_UTMPX_UT_HOST 1
| #define HAVE_STRUCT_UTMPX_UT_ADDR_V6 1
| /* end confdefs.h.  */
| #include <utmpx.h>
| 
| int
| main (void)
| {
| static struct utmpx ac_aggr;
| if (sizeof ac_aggr.ut_xtime)
| return 0;
|   ;
|   return 0;
| }
configure:16127: result: no
configure:16140: checking whether utime accepts a null argument
configure:16171: gcc -o conftest -g -O2   conftest.c  >&5
configure:16171: $? = 0
configure:16171: ./conftest
configure:16171: $? = 0
configure:16185: result: yes
configure:16195: checking for putgrent
configure:16195: gcc -o conftest -g -O2   conftest.c  >&5
configure:16195: $? = 0
configure:16195: result: yes
configure:16209: checking for putpwent
configure:16209: gcc -o conftest -g -O2   conftest.c  >&5
configure:16209: $? = 0
configure:16209: result: yes
configure:16223: checking for putspent
configure:16223: gcc -o conftest -g -O2   conftest.c  >&5
configure:16223: $? = 0
configure:16223: result: yes
configure:16238: checking for sgetgrent
configure:16238: gcc -o conftest -g -O2   conftest.c  >&5
/usr/bin/ld: /tmp/ccKEIBFl.o: in function `main':
/home/riy/GitHub/Supplements/Website/Packages/build-shadow-4.19.3/shadow-4.19.3/conftest.c:89:(.text.startup+0x5): undefined reference to `sgetgrent'
collect2: error: ld returned 1 exit status
configure:16238: $? = 1
configure: failed program was:
| /* confdefs.h */
| #define PACKAGE_NAME "shadow"
| #define PACKAGE_TARNAME "shadow"
| #define PACKAGE_VERSION "4.19.3"
| #define PACKAGE_STRING "shadow 4.19.3"
| #define PACKAGE_BUGREPORT "pkg-shadow-devel@lists.alioth.debian.org"
| #define PACKAGE_URL "https://github.com/shadow-maint/shadow"
| #define PACKAGE "shadow"
| #define VERSION "4.19.3"
| #define HAVE_STDIO_H 1
| #define HAVE_STDLIB_H 1
| #define HAVE_STRING_H 1
| #define HAVE_INTTYPES_H 1
| #define HAVE_STDINT_H 1
| #define HAVE_STRINGS_H 1
| #define HAVE_SYS_STAT_H 1
| #define HAVE_SYS_TYPES_H 1
| #define HAVE_UNISTD_H 1
| #define HAVE_WCHAR_H 1
| #define HAVE_UTIME_H 1
| #define STDC_HEADERS 1
| #define _ALL_SOURCE 1
| #define _DARWIN_C_SOURCE 1
| #define _GNU_SOURCE 1
| #define _HPUX_ALT_XOPEN_SOCKET_API 1
| #define _NETBSD_SOURCE 1
| #define _OPENBSD_SOURCE 1
| #define _POSIX_PTHREAD_SEMANTICS 1
| #define __STDC_WANT_IEC_60559_ATTRIBS_EXT__ 1
| #define __STDC_WANT_IEC_60559_BFP_EXT__ 1
| #define __STDC_WANT_IEC_60559_DFP_EXT__ 1
| #define __STDC_WANT_IEC_60559_EXT__ 1
| #define __STDC_WANT_IEC_60559_FUNCS_EXT__ 1
| #define __STDC_WANT_IEC_60559_TYPES_EXT__ 1
| #define __STDC_WANT_LIB_EXT2__ 1
| #define __STDC_WANT_MATH_SPEC_FUNCS__ 1
| #define _TANDEM_SOURCE 1
| #define __EXTENSIONS__ 1
| #define HAVE_DLFCN_H 1
| #define LT_OBJDIR ".libs/"
| #define HAVE_LIBDL 1
| #define HAVE_DLERROR 1
| #define HAVE_LIBDLLOADER 1
| #define HAVE_ARC4RANDOM_BUF 1
| #define HAVE_GETENTROPY 1
| #define HAVE_GETRANDOM 1
| #define HAVE_LCKPWDF 1
| #define HAVE_LUTIMES 1
| #define HAVE_UPDWTMPX 1
| #define HAVE_INNETGR 1
| #define HAVE_GETSPNAM_R 1
| #define HAVE_RPMATCH 1
| #define HAVE_MEMSET_EXPLICIT 1
| #define HAVE_EXPLICIT_BZERO 1
| #define HAVE_STRUCT_UTMPX_UT_HOST 1
| #define HAVE_STRUCT_UTMPX_UT_ADDR_V6 1
| #define HAVE_UTIME_NULL 1
| #define HAVE_PUTGRENT 1
| #define HAVE_PUTPWENT 1
| #define HAVE_PUTSPENT 1
| /* end confdefs.h.  */
| /* Define sgetgrent to an innocuous variant, in case <limits.h> declares sgetgrent.
|    For example, HP-UX 11i <limits.h> declares gettimeofday.  */
| #define sgetgrent innocuous_sgetgrent
| 
| /* System header to define __stub macros and hopefully few prototypes,
|    which can conflict with char sgetgrent (void); below.  */
| 
| #include <limits.h>
| #undef sgetgrent
| 
| /* Override any GCC internal prototype to avoid an error.
|    Use char because int might match the return type of a GCC
|    builtin and then its argument prototype would still apply.  */
| #ifdef __cplusplus
| extern "C"
| #endif
| char sgetgrent (void);
| /* The GNU C library defines this for functions which it implements
|     to always fail with ENOSYS.  Some functions are actually named
|     something starting with __ and the normal name is an alias.  */
| #if defined __stub_sgetgrent || defined __stub___sgetgrent
| choke me
| #endif
| 
| int
| main (void)
| {
| return sgetgrent ();
|   ;
|   return 0;
| }
configure:16238: result: no
configure:16252: checking for sgetpwent
configure:16252: gcc -o conftest -g -O2   conftest.c  >&5
/usr/bin/ld: /tmp/ccXvYMbn.o: in function `main':
/home/riy/GitHub/Supplements/Website/Packages/build-shadow-4.19.3/shadow-4.19.3/conftest.c:89:(.text.startup+0x5): undefined reference to `sgetpwent'
collect2: error: ld returned 1 exit status
configure:16252: $? = 1
configure: failed program was:
| /* confdefs.h */
| #define PACKAGE_NAME "shadow"
| #define PACKAGE_TARNAME "shadow"
| #define PACKAGE_VERSION "4.19.3"
| #define PACKAGE_STRING "shadow 4.19.3"
| #define PACKAGE_BUGREPORT "pkg-shadow-devel@lists.alioth.debian.org"
| #define PACKAGE_URL "https://github.com/shadow-maint/shadow"
| #define PACKAGE "shadow"
| #define VERSION "4.19.3"
| #define HAVE_STDIO_H 1
| #define HAVE_STDLIB_H 1
| #define HAVE_STRING_H 1
| #define HAVE_INTTYPES_H 1
| #define HAVE_STDINT_H 1
| #define HAVE_STRINGS_H 1
| #define HAVE_SYS_STAT_H 1
| #define HAVE_SYS_TYPES_H 1
| #define HAVE_UNISTD_H 1
| #define HAVE_WCHAR_H 1
| #define HAVE_UTIME_H 1
| #define STDC_HEADERS 1
| #define _ALL_SOURCE 1
| #define _DARWIN_C_SOURCE 1
| #define _GNU_SOURCE 1
| #define _HPUX_ALT_XOPEN_SOCKET_API 1
| #define _NETBSD_SOURCE 1
| #define _OPENBSD_SOURCE 1
| #define _POSIX_PTHREAD_SEMANTICS 1
| #define __STDC_WANT_IEC_60559_ATTRIBS_EXT__ 1
| #define __STDC_WANT_IEC_60559_BFP_EXT__ 1
| #define __STDC_WANT_IEC_60559_DFP_EXT__ 1
| #define __STDC_WANT_IEC_60559_EXT__ 1
| #define __STDC_WANT_IEC_60559_FUNCS_EXT__ 1
| #define __STDC_WANT_IEC_60559_TYPES_EXT__ 1
| #define __STDC_WANT_LIB_EXT2__ 1
| #define __STDC_WANT_MATH_SPEC_FUNCS__ 1
| #define _TANDEM_SOURCE 1
| #define __EXTENSIONS__ 1
| #define HAVE_DLFCN_H 1
| #define LT_OBJDIR ".libs/"
| #define HAVE_LIBDL 1
| #define HAVE_DLERROR 1
| #define HAVE_LIBDLLOADER 1
| #define HAVE_ARC4RANDOM_BUF 1
| #define HAVE_GETENTROPY 1
| #define HAVE_GETRANDOM 1
| #define HAVE_LCKPWDF 1
| #define HAVE_LUTIMES 1
| #define HAVE_UPDWTMPX 1
| #define HAVE_INNETGR 1
| #define HAVE_GETSPNAM_R 1
| #define HAVE_RPMATCH 1
| #define HAVE_MEMSET_EXPLICIT 1
| #define HAVE_EXPLICIT_BZERO 1
| #define HAVE_STRUCT_UTMPX_UT_HOST 1
| #define HAVE_STRUCT_UTMPX_UT_ADDR_V6 1
| #define HAVE_UTIME_NULL 1
| #define HAVE_PUTGRENT 1
| #define HAVE_PUTPWENT 1
| #define HAVE_PUTSPENT 1
| /* end confdefs.h.  */
| /* Define sgetpwent to an innocuous variant, in case <limits.h> declares sgetpwent.
|    For example, HP-UX 11i <limits.h> declares gettimeofday.  */
| #define sgetpwent innocuous_sgetpwent
| 
| /* System header to define __stub macros and hopefully few prototypes,
|    which can conflict with char sgetpwent (void); below.  */
| 
| #include <limits.h>
| #undef sgetpwent
| 
| /* Override any GCC internal prototype to avoid an error.
|    Use char because int might match the return type of a GCC
|    builtin and then its argument prototype would still apply.  */
| #ifdef __cplusplus
| extern "C"
| #endif
| char sgetpwent (void);
| /* The GNU C library defines this for functions which it implements
|     to always fail with ENOSYS.  Some functions are actually named
|     something starting with __ and the normal name is an alias.  */
| #if defined __stub_sgetpwent || defined __stub___sgetpwent
| choke me
| #endif
| 
| int
| main (void)
| {
| return sgetpwent ();
|   ;
|   return 0;
| }
configure:16252: result: no
configure:16266: checking for sgetspent
configure:16266: gcc -o conftest -g -O2   conftest.c  >&5
configure:16266: $? = 0
configure:16266: result: yes
configure:16282: checking for setpgrp
configure:16282: gcc -o conftest -g -O2   conftest.c  >&5
configure:16282: $? = 0
configure:16282: result: yes
configure:16288: checking for secure_getenv
configure:16288: gcc -o conftest -g -O2   conftest.c  >&5
configure:16288: $? = 0
configure:16288: result: yes
configure:16298: checking location of shared mail directory
configure:16311: result: /var/mail
configure:16319: checking location of user mail file
configure:16332: result: none
configure:16340: checking location of faillog/lastlog/wtmp
configure:16353: result: /var/log
configure:16664: checking for posix_spawn
configure:16664: gcc -o conftest -g -O2   conftest.c  >&5
configure:16664: $? = 0
configure:16664: result: yes
configure:16678: checking for posix_spawn
configure:16678: result: yes
configure:16707: checking for library containing gethostbyname
configure:16743: gcc -o conftest -g -O2   conftest.c  >&5
configure:16743: $? = 0
configure:16765: result: none required
configure:16835: checking for pkg-config
configure:16858: found /usr/bin/pkg-config
configure:16871: result: /usr/bin/pkg-config
configure:16896: checking pkg-config is at least version 0.9.0
configure:16899: result: yes
configure:16909: checking for cmocka
configure:16916: $PKG_CONFIG --exists --print-errors "cmocka"
Package cmocka was not found in the pkg-config search path.
Perhaps you should add the directory containing `cmocka.pc'
to the PKG_CONFIG_PATH environment variable
Package 'cmocka' not found
configure:16919: $? = 1
configure:16933: $PKG_CONFIG --exists --print-errors "cmocka"
Package cmocka was not found in the pkg-config search path.
Perhaps you should add the directory containing `cmocka.pc'
to the PKG_CONFIG_PATH environment variable
Package 'cmocka' not found
configure:16936: $? = 1
configure:16950: result: no
Package 'cmocka' not found
configure:16966: WARNING: libcmocka not found, cmocka tests will not be built
configure:16995: checking for econf_readDirs in -leconf
configure:17024: gcc -o conftest -g -O2   conftest.c -leconf   >&5
/usr/bin/ld: cannot find -leconf: No such file or directory
collect2: error: ld returned 1 exit status
configure:17024: $? = 1
configure: failed program was:
| /* confdefs.h */
| #define PACKAGE_NAME "shadow"
| #define PACKAGE_TARNAME "shadow"
| #define PACKAGE_VERSION "4.19.3"
| #define PACKAGE_STRING "shadow 4.19.3"
| #define PACKAGE_BUGREPORT "pkg-shadow-devel@lists.alioth.debian.org"
| #define PACKAGE_URL "https://github.com/shadow-maint/shadow"
| #define PACKAGE "shadow"
| #define VERSION "4.19.3"
| #define HAVE_STDIO_H 1
| #define HAVE_STDLIB_H 1
| #define HAVE_STRING_H 1
| #define HAVE_INTTYPES_H 1
| #define HAVE_STDINT_H 1
| #define HAVE_STRINGS_H 1
| #define HAVE_SYS_STAT_H 1
| #define HAVE_SYS_TYPES_H 1
| #define HAVE_UNISTD_H 1
| #define HAVE_WCHAR_H 1
| #define HAVE_UTIME_H 1
| #define STDC_HEADERS 1
| #define _ALL_SOURCE 1
| #define _DARWIN_C_SOURCE 1
| #define _GNU_SOURCE 1
| #define _HPUX_ALT_XOPEN_SOCKET_API 1
| #define _NETBSD_SOURCE 1
| #define _OPENBSD_SOURCE 1
| #define _POSIX_PTHREAD_SEMANTICS 1
| #define __STDC_WANT_IEC_60559_ATTRIBS_EXT__ 1
| #define __STDC_WANT_IEC_60559_BFP_EXT__ 1
| #define __STDC_WANT_IEC_60559_DFP_EXT__ 1
| #define __STDC_WANT_IEC_60559_EXT__ 1
| #define __STDC_WANT_IEC_60559_FUNCS_EXT__ 1
| #define __STDC_WANT_IEC_60559_TYPES_EXT__ 1
| #define __STDC_WANT_LIB_EXT2__ 1
| #define __STDC_WANT_MATH_SPEC_FUNCS__ 1
| #define _TANDEM_SOURCE 1
| #define __EXTENSIONS__ 1
| #define HAVE_DLFCN_H 1
| #define LT_OBJDIR ".libs/"
| #define HAVE_LIBDL 1
| #define HAVE_DLERROR 1
| #define HAVE_LIBDLLOADER 1
| #define HAVE_ARC4RANDOM_BUF 1
| #define HAVE_GETENTROPY 1
| #define HAVE_GETRANDOM 1
| #define HAVE_LCKPWDF 1
| #define HAVE_LUTIMES 1
| #define HAVE_UPDWTMPX 1
| #define HAVE_INNETGR 1
| #define HAVE_GETSPNAM_R 1
| #define HAVE_RPMATCH 1
| #define HAVE_MEMSET_EXPLICIT 1
| #define HAVE_EXPLICIT_BZERO 1
| #define HAVE_STRUCT_UTMPX_UT_HOST 1
| #define HAVE_STRUCT_UTMPX_UT_ADDR_V6 1
| #define HAVE_UTIME_NULL 1
| #define HAVE_PUTGRENT 1
| #define HAVE_PUTPWENT 1
| #define HAVE_PUTSPENT 1
| #define HAVE_SGETSPENT 1
| #define HAS_SECURE_GETENV 1
| #define MAIL_SPOOL_DIR "/var/mail"
| #define FAILLOG_FILE "/var/log/faillog"
| #define PASSWD_PROGRAM "/bin/passwd"
| #define GROUP_NAME_MAX_LENGTH 32
| #define USE_SHA_CRYPT 1
| #define USE_BCRYPT 1
| #define USE_YESCRYPT 1
| #define USE_NSCD 1
| #define USE_SSSD 1
| #define WITH_SU 1
| /* end confdefs.h.  */
| 
| /* Override any GCC internal prototype to avoid an error.
|    Use char because int might match the return type of a GCC
|    builtin and then its argument prototype would still apply.
|    The 'extern "C"' is for builds by C++ compilers;
|    although this is not generally supported in C code supporting it here
|    has little cost and some practical benefit (sr 110532).  */
| #ifdef __cplusplus
| extern "C"
| #endif
| char econf_readDirs (void);
| int
| main (void)
| {
| return econf_readDirs ();
|   ;
|   return 0;
| }
configure:17036: result: no
configure:17269: checking size of uid_t
configure:17275: gcc -o conftest -g -O2   conftest.c  >&5
configure:17275: $? = 0
configure:17275: ./conftest
configure:17275: $? = 0
configure:17293: result: 4
configure:17305: checking size of gid_t
configure:17311: gcc -o conftest -g -O2   conftest.c  >&5
configure:17311: $? = 0
configure:17311: ./conftest
configure:17311: $? = 0
configure:17329: result: 4
configure:17416: checking for sd_session_get_remote_host in -lsystemd
configure:17445: gcc -o conftest -g -O2   conftest.c -lsystemd   >&5
configure:17445: $? = 0
configure:17457: result: yes
configure:17485: checking for crypt in -lcrypt
configure:17514: gcc -o conftest -g -O2   conftest.c -lcrypt   >&5
configure:17514: $? = 0
configure:17526: result: yes
configure:17746: checking for acl/libacl.h
configure:17746: gcc -c -g -O2  conftest.c >&5
configure:17746: $? = 0
configure:17746: result: yes
configure:17746: checking for attr/error_context.h
configure:17746: gcc -c -g -O2  conftest.c >&5
configure:17746: $? = 0
configure:17746: result: yes
configure:17762: checking for perm_copy_file in -lacl
configure:17791: gcc -o conftest -g -O2   conftest.c -lacl   >&5
configure:17791: $? = 0
configure:17803: result: yes
configure:17807: checking for perm_copy_fd in -lacl
configure:17836: gcc -o conftest -g -O2   conftest.c -lacl   >&5
configure:17836: $? = 0
configure:17848: result: yes
configure:17884: checking for attr/libattr.h
configure:17884: gcc -c -g -O2  conftest.c >&5
configure:17884: $? = 0
configure:17884: result: yes
configure:17884: checking for attr/error_context.h
configure:17884: result: yes
configure:17900: checking for attr_copy_file in -lattr
configure:17929: gcc -o conftest -g -O2   conftest.c -lattr   >&5
configure:17929: $? = 0
configure:17941: result: yes
configure:17945: checking for attr_copy_fd in -lattr
configure:17974: gcc -o conftest -g -O2   conftest.c -lattr   >&5
configure:17974: $? = 0
configure:17986: result: yes
configure:18019: checking for libaudit.h
configure:18019: gcc -c -g -O2  conftest.c >&5
conftest.c:114:10: fatal error: libaudit.h: No such file or directory
  114 | #include <libaudit.h>
      |          ^~~~~~~~~~~~
compilation terminated.
configure:18019: $? = 1
configure: failed program was:
| /* confdefs.h */
| #define PACKAGE_NAME "shadow"
| #define PACKAGE_TARNAME "shadow"
| #define PACKAGE_VERSION "4.19.3"
| #define PACKAGE_STRING "shadow 4.19.3"
| #define PACKAGE_BUGREPORT "pkg-shadow-devel@lists.alioth.debian.org"
| #define PACKAGE_URL "https://github.com/shadow-maint/shadow"
| #define PACKAGE "shadow"
| #define VERSION "4.19.3"
| #define HAVE_STDIO_H 1
| #define HAVE_STDLIB_H 1
| #define HAVE_STRING_H 1
| #define HAVE_INTTYPES_H 1
| #define HAVE_STDINT_H 1
| #define HAVE_STRINGS_H 1
| #define HAVE_SYS_STAT_H 1
| #define HAVE_SYS_TYPES_H 1
| #define HAVE_UNISTD_H 1
| #define HAVE_WCHAR_H 1
| #define HAVE_UTIME_H 1
| #define STDC_HEADERS 1
| #define _ALL_SOURCE 1
| #define _DARWIN_C_SOURCE 1
| #define _GNU_SOURCE 1
| #define _HPUX_ALT_XOPEN_SOCKET_API 1
| #define _NETBSD_SOURCE 1
| #define _OPENBSD_SOURCE 1
| #define _POSIX_PTHREAD_SEMANTICS 1
| #define __STDC_WANT_IEC_60559_ATTRIBS_EXT__ 1
| #define __STDC_WANT_IEC_60559_BFP_EXT__ 1
| #define __STDC_WANT_IEC_60559_DFP_EXT__ 1
| #define __STDC_WANT_IEC_60559_EXT__ 1
| #define __STDC_WANT_IEC_60559_FUNCS_EXT__ 1
| #define __STDC_WANT_IEC_60559_TYPES_EXT__ 1
| #define __STDC_WANT_LIB_EXT2__ 1
| #define __STDC_WANT_MATH_SPEC_FUNCS__ 1
| #define _TANDEM_SOURCE 1
| #define __EXTENSIONS__ 1
| #define HAVE_DLFCN_H 1
| #define LT_OBJDIR ".libs/"
| #define HAVE_LIBDL 1
| #define HAVE_DLERROR 1
| #define HAVE_LIBDLLOADER 1
| #define HAVE_ARC4RANDOM_BUF 1
| #define HAVE_GETENTROPY 1
| #define HAVE_GETRANDOM 1
| #define HAVE_LCKPWDF 1
| #define HAVE_LUTIMES 1
| #define HAVE_UPDWTMPX 1
| #define HAVE_INNETGR 1
| #define HAVE_GETSPNAM_R 1
| #define HAVE_RPMATCH 1
| #define HAVE_MEMSET_EXPLICIT 1
| #define HAVE_EXPLICIT_BZERO 1
| #define HAVE_STRUCT_UTMPX_UT_HOST 1
| #define HAVE_STRUCT_UTMPX_UT_ADDR_V6 1
| #define HAVE_UTIME_NULL 1
| #define HAVE_PUTGRENT 1
| #define HAVE_PUTPWENT 1
| #define HAVE_PUTSPENT 1
| #define HAVE_SGETSPENT 1
| #define HAS_SECURE_GETENV 1
| #define MAIL_SPOOL_DIR "/var/mail"
| #define FAILLOG_FILE "/var/log/faillog"
| #define PASSWD_PROGRAM "/bin/passwd"
| #define GROUP_NAME_MAX_LENGTH 32
| #define USE_SHA_CRYPT 1
| #define USE_BCRYPT 1
| #define USE_YESCRYPT 1
| #define USE_NSCD 1
| #define USE_SSSD 1
| #define WITH_SU 1
| #define SHADOWGRP 1
| #define SIZEOF_UID_T 4
| #define SIZEOF_GID_T 4
| #define ENABLE_SUBIDS 1
| #define ENABLE_LOGIND 1
| #define WITH_LIBBSD 0
| #define HAVE_ACL_LIBACL_H 1
| #define HAVE_ATTR_ERROR_CONTEXT_H 1
| #define WITH_ACL 1
| #define HAVE_ATTR_LIBATTR_H 1
| #define HAVE_ATTR_ERROR_CONTEXT_H 1
| #define WITH_ATTR 1
| /* end confdefs.h.  */
| #include <stddef.h>
| #ifdef HAVE_STDIO_H
| # include <stdio.h>
| #endif
| #ifdef HAVE_STDLIB_H
| # include <stdlib.h>
| #endif
| #ifdef HAVE_STRING_H
| # include <string.h>
| #endif
| #ifdef HAVE_INTTYPES_H
| # include <inttypes.h>
| #endif
| #ifdef HAVE_STDINT_H
| # include <stdint.h>
| #endif
| #ifdef HAVE_STRINGS_H
| # include <strings.h>
| #endif
| #ifdef HAVE_SYS_TYPES_H
| # include <sys/types.h>
| #endif
| #ifdef HAVE_SYS_STAT_H
| # include <sys/stat.h>
| #endif
| #ifdef HAVE_UNISTD_H
| # include <unistd.h>
| #endif
| #include <libaudit.h>
configure:18019: result: no
configure:18143: checking for sys/statfs.h
configure:18143: gcc -c -g -O2  conftest.c >&5
configure:18143: $? = 0
configure:18143: result: yes
configure:18143: checking for linux/magic.h
configure:18143: gcc -c -g -O2  conftest.c >&5
configure:18143: $? = 0
configure:18143: result: yes
configure:18143: checking for linux/btrfs_tree.h
configure:18143: gcc -c -g -O2  conftest.c >&5
configure:18143: $? = 0
configure:18143: result: yes
configure:18182: checking for selinux/selinux.h
configure:18182: gcc -c -g -O2  conftest.c >&5
conftest.c:118:10: fatal error: selinux/selinux.h: No such file or directory
  118 | #include <selinux/selinux.h>
      |          ^~~~~~~~~~~~~~~~~~~
compilation terminated.
configure:18182: $? = 1
configure: failed program was:
| /* confdefs.h */
| #define PACKAGE_NAME "shadow"
| #define PACKAGE_TARNAME "shadow"
| #define PACKAGE_VERSION "4.19.3"
| #define PACKAGE_STRING "shadow 4.19.3"
| #define PACKAGE_BUGREPORT "pkg-shadow-devel@lists.alioth.debian.org"
| #define PACKAGE_URL "https://github.com/shadow-maint/shadow"
| #define PACKAGE "shadow"
| #define VERSION "4.19.3"
| #define HAVE_STDIO_H 1
| #define HAVE_STDLIB_H 1
| #define HAVE_STRING_H 1
| #define HAVE_INTTYPES_H 1
| #define HAVE_STDINT_H 1
| #define HAVE_STRINGS_H 1
| #define HAVE_SYS_STAT_H 1
| #define HAVE_SYS_TYPES_H 1
| #define HAVE_UNISTD_H 1
| #define HAVE_WCHAR_H 1
| #define HAVE_UTIME_H 1
| #define STDC_HEADERS 1
| #define _ALL_SOURCE 1
| #define _DARWIN_C_SOURCE 1
| #define _GNU_SOURCE 1
| #define _HPUX_ALT_XOPEN_SOCKET_API 1
| #define _NETBSD_SOURCE 1
| #define _OPENBSD_SOURCE 1
| #define _POSIX_PTHREAD_SEMANTICS 1
| #define __STDC_WANT_IEC_60559_ATTRIBS_EXT__ 1
| #define __STDC_WANT_IEC_60559_BFP_EXT__ 1
| #define __STDC_WANT_IEC_60559_DFP_EXT__ 1
| #define __STDC_WANT_IEC_60559_EXT__ 1
| #define __STDC_WANT_IEC_60559_FUNCS_EXT__ 1
| #define __STDC_WANT_IEC_60559_TYPES_EXT__ 1
| #define __STDC_WANT_LIB_EXT2__ 1
| #define __STDC_WANT_MATH_SPEC_FUNCS__ 1
| #define _TANDEM_SOURCE 1
| #define __EXTENSIONS__ 1
| #define HAVE_DLFCN_H 1
| #define LT_OBJDIR ".libs/"
| #define HAVE_LIBDL 1
| #define HAVE_DLERROR 1
| #define HAVE_LIBDLLOADER 1
| #define HAVE_ARC4RANDOM_BUF 1
| #define HAVE_GETENTROPY 1
| #define HAVE_GETRANDOM 1
| #define HAVE_LCKPWDF 1
| #define HAVE_LUTIMES 1
| #define HAVE_UPDWTMPX 1
| #define HAVE_INNETGR 1
| #define HAVE_GETSPNAM_R 1
| #define HAVE_RPMATCH 1
| #define HAVE_MEMSET_EXPLICIT 1
| #define HAVE_EXPLICIT_BZERO 1
| #define HAVE_STRUCT_UTMPX_UT_HOST 1
| #define HAVE_STRUCT_UTMPX_UT_ADDR_V6 1
| #define HAVE_UTIME_NULL 1
| #define HAVE_PUTGRENT 1
| #define HAVE_PUTPWENT 1
| #define HAVE_PUTSPENT 1
| #define HAVE_SGETSPENT 1
| #define HAS_SECURE_GETENV 1
| #define MAIL_SPOOL_DIR "/var/mail"
| #define FAILLOG_FILE "/var/log/faillog"
| #define PASSWD_PROGRAM "/bin/passwd"
| #define GROUP_NAME_MAX_LENGTH 32
| #define USE_SHA_CRYPT 1
| #define USE_BCRYPT 1
| #define USE_YESCRYPT 1
| #define USE_NSCD 1
| #define USE_SSSD 1
| #define WITH_SU 1
| #define SHADOWGRP 1
| #define SIZEOF_UID_T 4
| #define SIZEOF_GID_T 4
| #define ENABLE_SUBIDS 1
| #define ENABLE_LOGIND 1
| #define WITH_LIBBSD 0
| #define HAVE_ACL_LIBACL_H 1
| #define HAVE_ATTR_ERROR_CONTEXT_H 1
| #define WITH_ACL 1
| #define HAVE_ATTR_LIBATTR_H 1
| #define HAVE_ATTR_ERROR_CONTEXT_H 1
| #define WITH_ATTR 1
| #define HAVE_SYS_STATFS_H 1
| #define HAVE_LINUX_MAGIC_H 1
| #define HAVE_LINUX_BTRFS_TREE_H 1
| #define WITH_BTRFS 1
| /* end confdefs.h.  */
| #include <stddef.h>
| #ifdef HAVE_STDIO_H
| # include <stdio.h>
| #endif
| #ifdef HAVE_STDLIB_H
| # include <stdlib.h>
| #endif
| #ifdef HAVE_STRING_H
| # include <string.h>
| #endif
| #ifdef HAVE_INTTYPES_H
| # include <inttypes.h>
| #endif
| #ifdef HAVE_STDINT_H
| # include <stdint.h>
| #endif
| #ifdef HAVE_STRINGS_H
| # include <strings.h>
| #endif
| #ifdef HAVE_SYS_TYPES_H
| # include <sys/types.h>
| #endif
| #ifdef HAVE_SYS_STAT_H
| # include <sys/stat.h>
| #endif
| #ifdef HAVE_UNISTD_H
| # include <unistd.h>
| #endif
| #include <selinux/selinux.h>
configure:18182: result: no
configure:18199: checking for semanage/semanage.h
configure:18199: gcc -c -g -O2  conftest.c >&5
conftest.c:118:10: fatal error: semanage/semanage.h: No such file or directory
  118 | #include <semanage/semanage.h>
      |          ^~~~~~~~~~~~~~~~~~~~~
compilation terminated.
configure:18199: $? = 1
configure: failed program was:
| /* confdefs.h */
| #define PACKAGE_NAME "shadow"
| #define PACKAGE_TARNAME "shadow"
| #define PACKAGE_VERSION "4.19.3"
| #define PACKAGE_STRING "shadow 4.19.3"
| #define PACKAGE_BUGREPORT "pkg-shadow-devel@lists.alioth.debian.org"
| #define PACKAGE_URL "https://github.com/shadow-maint/shadow"
| #define PACKAGE "shadow"
| #define VERSION "4.19.3"
| #define HAVE_STDIO_H 1
| #define HAVE_STDLIB_H 1
| #define HAVE_STRING_H 1
| #define HAVE_INTTYPES_H 1
| #define HAVE_STDINT_H 1
| #define HAVE_STRINGS_H 1
| #define HAVE_SYS_STAT_H 1
| #define HAVE_SYS_TYPES_H 1
| #define HAVE_UNISTD_H 1
| #define HAVE_WCHAR_H 1
| #define HAVE_UTIME_H 1
| #define STDC_HEADERS 1
| #define _ALL_SOURCE 1
| #define _DARWIN_C_SOURCE 1
| #define _GNU_SOURCE 1
| #define _HPUX_ALT_XOPEN_SOCKET_API 1
| #define _NETBSD_SOURCE 1
| #define _OPENBSD_SOURCE 1
| #define _POSIX_PTHREAD_SEMANTICS 1
| #define __STDC_WANT_IEC_60559_ATTRIBS_EXT__ 1
| #define __STDC_WANT_IEC_60559_BFP_EXT__ 1
| #define __STDC_WANT_IEC_60559_DFP_EXT__ 1
| #define __STDC_WANT_IEC_60559_EXT__ 1
| #define __STDC_WANT_IEC_60559_FUNCS_EXT__ 1
| #define __STDC_WANT_IEC_60559_TYPES_EXT__ 1
| #define __STDC_WANT_LIB_EXT2__ 1
| #define __STDC_WANT_MATH_SPEC_FUNCS__ 1
| #define _TANDEM_SOURCE 1
| #define __EXTENSIONS__ 1
| #define HAVE_DLFCN_H 1
| #define LT_OBJDIR ".libs/"
| #define HAVE_LIBDL 1
| #define HAVE_DLERROR 1
| #define HAVE_LIBDLLOADER 1
| #define HAVE_ARC4RANDOM_BUF 1
| #define HAVE_GETENTROPY 1
| #define HAVE_GETRANDOM 1
| #define HAVE_LCKPWDF 1
| #define HAVE_LUTIMES 1
| #define HAVE_UPDWTMPX 1
| #define HAVE_INNETGR 1
| #define HAVE_GETSPNAM_R 1
| #define HAVE_RPMATCH 1
| #define HAVE_MEMSET_EXPLICIT 1
| #define HAVE_EXPLICIT_BZERO 1
| #define HAVE_STRUCT_UTMPX_UT_HOST 1
| #define HAVE_STRUCT_UTMPX_UT_ADDR_V6 1
| #define HAVE_UTIME_NULL 1
| #define HAVE_PUTGRENT 1
| #define HAVE_PUTPWENT 1
| #define HAVE_PUTSPENT 1
| #define HAVE_SGETSPENT 1
| #define HAS_SECURE_GETENV 1
| #define MAIL_SPOOL_DIR "/var/mail"
| #define FAILLOG_FILE "/var/log/faillog"
| #define PASSWD_PROGRAM "/bin/passwd"
| #define GROUP_NAME_MAX_LENGTH 32
| #define USE_SHA_CRYPT 1
| #define USE_BCRYPT 1
| #define USE_YESCRYPT 1
| #define USE_NSCD 1
| #define USE_SSSD 1
| #define WITH_SU 1
| #define SHADOWGRP 1
| #define SIZEOF_UID_T 4
| #define SIZEOF_GID_T 4
| #define ENABLE_SUBIDS 1
| #define ENABLE_LOGIND 1
| #define WITH_LIBBSD 0
| #define HAVE_ACL_LIBACL_H 1
| #define HAVE_ATTR_ERROR_CONTEXT_H 1
| #define WITH_ACL 1
| #define HAVE_ATTR_LIBATTR_H 1
| #define HAVE_ATTR_ERROR_CONTEXT_H 1
| #define WITH_ATTR 1
| #define HAVE_SYS_STATFS_H 1
| #define HAVE_LINUX_MAGIC_H 1
| #define HAVE_LINUX_BTRFS_TREE_H 1
| #define WITH_BTRFS 1
| /* end confdefs.h.  */
| #include <stddef.h>
| #ifdef HAVE_STDIO_H
| # include <stdio.h>
| #endif
| #ifdef HAVE_STDLIB_H
| # include <stdlib.h>
| #endif
| #ifdef HAVE_STRING_H
| # include <string.h>
| #endif
| #ifdef HAVE_INTTYPES_H
| # include <inttypes.h>
| #endif
| #ifdef HAVE_STDINT_H
| # include <stdint.h>
| #endif
| #ifdef HAVE_STRINGS_H
| # include <strings.h>
| #endif
| #ifdef HAVE_SYS_TYPES_H
| # include <sys/types.h>
| #endif
| #ifdef HAVE_SYS_STAT_H
| # include <sys/stat.h>
| #endif
| #ifdef HAVE_UNISTD_H
| # include <unistd.h>
| #endif
| #include <semanage/semanage.h>
configure:18199: result: no
configure:18344: checking for tcb.h
configure:18344: gcc -c -g -O2  conftest.c >&5
conftest.c:118:10: fatal error: tcb.h: No such file or directory
  118 | #include <tcb.h>
      |          ^~~~~~~
compilation terminated.
configure:18344: $? = 1
configure: failed program was:
| /* confdefs.h */
| #define PACKAGE_NAME "shadow"
| #define PACKAGE_TARNAME "shadow"
| #define PACKAGE_VERSION "4.19.3"
| #define PACKAGE_STRING "shadow 4.19.3"
| #define PACKAGE_BUGREPORT "pkg-shadow-devel@lists.alioth.debian.org"
| #define PACKAGE_URL "https://github.com/shadow-maint/shadow"
| #define PACKAGE "shadow"
| #define VERSION "4.19.3"
| #define HAVE_STDIO_H 1
| #define HAVE_STDLIB_H 1
| #define HAVE_STRING_H 1
| #define HAVE_INTTYPES_H 1
| #define HAVE_STDINT_H 1
| #define HAVE_STRINGS_H 1
| #define HAVE_SYS_STAT_H 1
| #define HAVE_SYS_TYPES_H 1
| #define HAVE_UNISTD_H 1
| #define HAVE_WCHAR_H 1
| #define HAVE_UTIME_H 1
| #define STDC_HEADERS 1
| #define _ALL_SOURCE 1
| #define _DARWIN_C_SOURCE 1
| #define _GNU_SOURCE 1
| #define _HPUX_ALT_XOPEN_SOCKET_API 1
| #define _NETBSD_SOURCE 1
| #define _OPENBSD_SOURCE 1
| #define _POSIX_PTHREAD_SEMANTICS 1
| #define __STDC_WANT_IEC_60559_ATTRIBS_EXT__ 1
| #define __STDC_WANT_IEC_60559_BFP_EXT__ 1
| #define __STDC_WANT_IEC_60559_DFP_EXT__ 1
| #define __STDC_WANT_IEC_60559_EXT__ 1
| #define __STDC_WANT_IEC_60559_FUNCS_EXT__ 1
| #define __STDC_WANT_IEC_60559_TYPES_EXT__ 1
| #define __STDC_WANT_LIB_EXT2__ 1
| #define __STDC_WANT_MATH_SPEC_FUNCS__ 1
| #define _TANDEM_SOURCE 1
| #define __EXTENSIONS__ 1
| #define HAVE_DLFCN_H 1
| #define LT_OBJDIR ".libs/"
| #define HAVE_LIBDL 1
| #define HAVE_DLERROR 1
| #define HAVE_LIBDLLOADER 1
| #define HAVE_ARC4RANDOM_BUF 1
| #define HAVE_GETENTROPY 1
| #define HAVE_GETRANDOM 1
| #define HAVE_LCKPWDF 1
| #define HAVE_LUTIMES 1
| #define HAVE_UPDWTMPX 1
| #define HAVE_INNETGR 1
| #define HAVE_GETSPNAM_R 1
| #define HAVE_RPMATCH 1
| #define HAVE_MEMSET_EXPLICIT 1
| #define HAVE_EXPLICIT_BZERO 1
| #define HAVE_STRUCT_UTMPX_UT_HOST 1
| #define HAVE_STRUCT_UTMPX_UT_ADDR_V6 1
| #define HAVE_UTIME_NULL 1
| #define HAVE_PUTGRENT 1
| #define HAVE_PUTPWENT 1
| #define HAVE_PUTSPENT 1
| #define HAVE_SGETSPENT 1
| #define HAS_SECURE_GETENV 1
| #define MAIL_SPOOL_DIR "/var/mail"
| #define FAILLOG_FILE "/var/log/faillog"
| #define PASSWD_PROGRAM "/bin/passwd"
| #define GROUP_NAME_MAX_LENGTH 32
| #define USE_SHA_CRYPT 1
| #define USE_BCRYPT 1
| #define USE_YESCRYPT 1
| #define USE_NSCD 1
| #define USE_SSSD 1
| #define WITH_SU 1
| #define SHADOWGRP 1
| #define SIZEOF_UID_T 4
| #define SIZEOF_GID_T 4
| #define ENABLE_SUBIDS 1
| #define ENABLE_LOGIND 1
| #define WITH_LIBBSD 0
| #define HAVE_ACL_LIBACL_H 1
| #define HAVE_ATTR_ERROR_CONTEXT_H 1
| #define WITH_ACL 1
| #define HAVE_ATTR_LIBATTR_H 1
| #define HAVE_ATTR_ERROR_CONTEXT_H 1
| #define WITH_ATTR 1
| #define HAVE_SYS_STATFS_H 1
| #define HAVE_LINUX_MAGIC_H 1
| #define HAVE_LINUX_BTRFS_TREE_H 1
| #define WITH_BTRFS 1
| /* end confdefs.h.  */
| #include <stddef.h>
| #ifdef HAVE_STDIO_H
| # include <stdio.h>
| #endif
| #ifdef HAVE_STDLIB_H
| # include <stdlib.h>
| #endif
| #ifdef HAVE_STRING_H
| # include <string.h>
| #endif
| #ifdef HAVE_INTTYPES_H
| # include <inttypes.h>
| #endif
| #ifdef HAVE_STDINT_H
| # include <stdint.h>
| #endif
| #ifdef HAVE_STRINGS_H
| # include <strings.h>
| #endif
| #ifdef HAVE_SYS_TYPES_H
| # include <sys/types.h>
| #endif
| #ifdef HAVE_SYS_STAT_H
| # include <sys/stat.h>
| #endif
| #ifdef HAVE_UNISTD_H
| # include <unistd.h>
| #endif
| #include <tcb.h>
configure:18344: result: no
configure:18435: checking for pam_start in -lpam
configure:18464: gcc -o conftest -g -O2   conftest.c -lpam   >&5
configure:18464: $? = 0
configure:18476: result: yes
configure:18493: checking for openpam_ttyconv in -lpam
configure:18522: gcc -o conftest -g -O2   conftest.c -lpam   >&5
/usr/bin/ld: /tmp/ccuI2Xut.o: in function `main':
/home/riy/GitHub/Supplements/Website/Packages/build-shadow-4.19.3/shadow-4.19.3/conftest.c:104:(.text.startup+0x5): undefined reference to `openpam_ttyconv'
collect2: error: ld returned 1 exit status
configure:18522: $? = 1
configure: failed program was:
| /* confdefs.h */
| #define PACKAGE_NAME "shadow"
| #define PACKAGE_TARNAME "shadow"
| #define PACKAGE_VERSION "4.19.3"
| #define PACKAGE_STRING "shadow 4.19.3"
| #define PACKAGE_BUGREPORT "pkg-shadow-devel@lists.alioth.debian.org"
| #define PACKAGE_URL "https://github.com/shadow-maint/shadow"
| #define PACKAGE "shadow"
| #define VERSION "4.19.3"
| #define HAVE_STDIO_H 1
| #define HAVE_STDLIB_H 1
| #define HAVE_STRING_H 1
| #define HAVE_INTTYPES_H 1
| #define HAVE_STDINT_H 1
| #define HAVE_STRINGS_H 1
| #define HAVE_SYS_STAT_H 1
| #define HAVE_SYS_TYPES_H 1
| #define HAVE_UNISTD_H 1
| #define HAVE_WCHAR_H 1
| #define HAVE_UTIME_H 1
| #define STDC_HEADERS 1
| #define _ALL_SOURCE 1
| #define _DARWIN_C_SOURCE 1
| #define _GNU_SOURCE 1
| #define _HPUX_ALT_XOPEN_SOCKET_API 1
| #define _NETBSD_SOURCE 1
| #define _OPENBSD_SOURCE 1
| #define _POSIX_PTHREAD_SEMANTICS 1
| #define __STDC_WANT_IEC_60559_ATTRIBS_EXT__ 1
| #define __STDC_WANT_IEC_60559_BFP_EXT__ 1
| #define __STDC_WANT_IEC_60559_DFP_EXT__ 1
| #define __STDC_WANT_IEC_60559_EXT__ 1
| #define __STDC_WANT_IEC_60559_FUNCS_EXT__ 1
| #define __STDC_WANT_IEC_60559_TYPES_EXT__ 1
| #define __STDC_WANT_LIB_EXT2__ 1
| #define __STDC_WANT_MATH_SPEC_FUNCS__ 1
| #define _TANDEM_SOURCE 1
| #define __EXTENSIONS__ 1
| #define HAVE_DLFCN_H 1
| #define LT_OBJDIR ".libs/"
| #define HAVE_LIBDL 1
| #define HAVE_DLERROR 1
| #define HAVE_LIBDLLOADER 1
| #define HAVE_ARC4RANDOM_BUF 1
| #define HAVE_GETENTROPY 1
| #define HAVE_GETRANDOM 1
| #define HAVE_LCKPWDF 1
| #define HAVE_LUTIMES 1
| #define HAVE_UPDWTMPX 1
| #define HAVE_INNETGR 1
| #define HAVE_GETSPNAM_R 1
| #define HAVE_RPMATCH 1
| #define HAVE_MEMSET_EXPLICIT 1
| #define HAVE_EXPLICIT_BZERO 1
| #define HAVE_STRUCT_UTMPX_UT_HOST 1
| #define HAVE_STRUCT_UTMPX_UT_ADDR_V6 1
| #define HAVE_UTIME_NULL 1
| #define HAVE_PUTGRENT 1
| #define HAVE_PUTPWENT 1
| #define HAVE_PUTSPENT 1
| #define HAVE_SGETSPENT 1
| #define HAS_SECURE_GETENV 1
| #define MAIL_SPOOL_DIR "/var/mail"
| #define FAILLOG_FILE "/var/log/faillog"
| #define PASSWD_PROGRAM "/bin/passwd"
| #define GROUP_NAME_MAX_LENGTH 32
| #define USE_SHA_CRYPT 1
| #define USE_BCRYPT 1
| #define USE_YESCRYPT 1
| #define USE_NSCD 1
| #define USE_SSSD 1
| #define WITH_SU 1
| #define SHADOWGRP 1
| #define SIZEOF_UID_T 4
| #define SIZEOF_GID_T 4
| #define ENABLE_SUBIDS 1
| #define ENABLE_LOGIND 1
| #define WITH_LIBBSD 0
| #define HAVE_ACL_LIBACL_H 1
| #define HAVE_ATTR_ERROR_CONTEXT_H 1
| #define WITH_ACL 1
| #define HAVE_ATTR_LIBATTR_H 1
| #define HAVE_ATTR_ERROR_CONTEXT_H 1
| #define WITH_ATTR 1
| #define HAVE_SYS_STATFS_H 1
| #define HAVE_LINUX_MAGIC_H 1
| #define HAVE_LINUX_BTRFS_TREE_H 1
| #define WITH_BTRFS 1
| /* end confdefs.h.  */
| 
| /* Override any GCC internal prototype to avoid an error.
|    Use char because int might match the return type of a GCC
|    builtin and then its argument prototype would still apply.
|    The 'extern "C"' is for builds by C++ compilers;
|    although this is not generally supported in C code supporting it here
|    has little cost and some practical benefit (sr 110532).  */
| #ifdef __cplusplus
| extern "C"
| #endif
| char openpam_ttyconv (void);
| int
| main (void)
| {
| return openpam_ttyconv ();
|   ;
|   return 0;
| }
configure:18534: result: no
configure:18540: checking for misc_conv in -lpam_misc
configure:18569: gcc -o conftest -g -O2   conftest.c -lpam_misc   >&5
configure:18569: $? = 0
configure:18581: result: yes
configure:18601: checking for security/openpam.h
configure:18601: gcc -c -g -O2  conftest.c >&5
conftest.c:92:10: fatal error: security/openpam.h: No such file or directory
   92 | #include <security/openpam.h>
      |          ^~~~~~~~~~~~~~~~~~~~
compilation terminated.
configure:18601: $? = 1
configure: failed program was:
| /* confdefs.h */
| #define PACKAGE_NAME "shadow"
| #define PACKAGE_TARNAME "shadow"
| #define PACKAGE_VERSION "4.19.3"
| #define PACKAGE_STRING "shadow 4.19.3"
| #define PACKAGE_BUGREPORT "pkg-shadow-devel@lists.alioth.debian.org"
| #define PACKAGE_URL "https://github.com/shadow-maint/shadow"
| #define PACKAGE "shadow"
| #define VERSION "4.19.3"
| #define HAVE_STDIO_H 1
| #define HAVE_STDLIB_H 1
| #define HAVE_STRING_H 1
| #define HAVE_INTTYPES_H 1
| #define HAVE_STDINT_H 1
| #define HAVE_STRINGS_H 1
| #define HAVE_SYS_STAT_H 1
| #define HAVE_SYS_TYPES_H 1
| #define HAVE_UNISTD_H 1
| #define HAVE_WCHAR_H 1
| #define HAVE_UTIME_H 1
| #define STDC_HEADERS 1
| #define _ALL_SOURCE 1
| #define _DARWIN_C_SOURCE 1
| #define _GNU_SOURCE 1
| #define _HPUX_ALT_XOPEN_SOCKET_API 1
| #define _NETBSD_SOURCE 1
| #define _OPENBSD_SOURCE 1
| #define _POSIX_PTHREAD_SEMANTICS 1
| #define __STDC_WANT_IEC_60559_ATTRIBS_EXT__ 1
| #define __STDC_WANT_IEC_60559_BFP_EXT__ 1
| #define __STDC_WANT_IEC_60559_DFP_EXT__ 1
| #define __STDC_WANT_IEC_60559_EXT__ 1
| #define __STDC_WANT_IEC_60559_FUNCS_EXT__ 1
| #define __STDC_WANT_IEC_60559_TYPES_EXT__ 1
| #define __STDC_WANT_LIB_EXT2__ 1
| #define __STDC_WANT_MATH_SPEC_FUNCS__ 1
| #define _TANDEM_SOURCE 1
| #define __EXTENSIONS__ 1
| #define HAVE_DLFCN_H 1
| #define LT_OBJDIR ".libs/"
| #define HAVE_LIBDL 1
| #define HAVE_DLERROR 1
| #define HAVE_LIBDLLOADER 1
| #define HAVE_ARC4RANDOM_BUF 1
| #define HAVE_GETENTROPY 1
| #define HAVE_GETRANDOM 1
| #define HAVE_LCKPWDF 1
| #define HAVE_LUTIMES 1
| #define HAVE_UPDWTMPX 1
| #define HAVE_INNETGR 1
| #define HAVE_GETSPNAM_R 1
| #define HAVE_RPMATCH 1
| #define HAVE_MEMSET_EXPLICIT 1
| #define HAVE_EXPLICIT_BZERO 1
| #define HAVE_STRUCT_UTMPX_UT_HOST 1
| #define HAVE_STRUCT_UTMPX_UT_ADDR_V6 1
| #define HAVE_UTIME_NULL 1
| #define HAVE_PUTGRENT 1
| #define HAVE_PUTPWENT 1
| #define HAVE_PUTSPENT 1
| #define HAVE_SGETSPENT 1
| #define HAS_SECURE_GETENV 1
| #define MAIL_SPOOL_DIR "/var/mail"
| #define FAILLOG_FILE "/var/log/faillog"
| #define PASSWD_PROGRAM "/bin/passwd"
| #define GROUP_NAME_MAX_LENGTH 32
| #define USE_SHA_CRYPT 1
| #define USE_BCRYPT 1
| #define USE_YESCRYPT 1
| #define USE_NSCD 1
| #define USE_SSSD 1
| #define WITH_SU 1
| #define SHADOWGRP 1
| #define SIZEOF_UID_T 4
| #define SIZEOF_GID_T 4
| #define ENABLE_SUBIDS 1
| #define ENABLE_LOGIND 1
| #define WITH_LIBBSD 0
| #define HAVE_ACL_LIBACL_H 1
| #define HAVE_ATTR_ERROR_CONTEXT_H 1
| #define WITH_ACL 1
| #define HAVE_ATTR_LIBATTR_H 1
| #define HAVE_ATTR_ERROR_CONTEXT_H 1
| #define WITH_ATTR 1
| #define HAVE_SYS_STATFS_H 1
| #define HAVE_LINUX_MAGIC_H 1
| #define HAVE_LINUX_BTRFS_TREE_H 1
| #define WITH_BTRFS 1
| /* end confdefs.h.  */
| #include <security/pam_appl.h>
| 
| #include <security/openpam.h>
configure:18601: result: no
configure:18601: checking for security/pam_misc.h
configure:18601: gcc -c -g -O2  conftest.c >&5
configure:18601: $? = 0
configure:18601: result: yes
configure:18625: checking whether PAM_ESTABLISH_CRED is declared
configure:18625: gcc -c -g -O2   conftest.c >&5
configure:18625: $? = 0
configure:18625: result: yes
configure:18635: checking whether PAM_DELETE_CRED is declared
configure:18635: gcc -c -g -O2   conftest.c >&5
configure:18635: $? = 0
configure:18635: result: yes
configure:18645: checking whether PAM_NEW_AUTHTOK_REQD is declared
configure:18645: gcc -c -g -O2   conftest.c >&5
configure:18645: $? = 0
configure:18645: result: yes
configure:18655: checking whether PAM_DATA_SILENT is declared
configure:18655: gcc -c -g -O2   conftest.c >&5
configure:18655: $? = 0
configure:18655: result: yes
configure:18672: checking for pam_fail_delay
configure:18672: gcc -o conftest -g -O2   conftest.c  -lpam -lpam_misc >&5
configure:18672: $? = 0
configure:18672: result: yes
configure:18689: checking use login and su access checking if PAM not used
configure:18691: result: no
configure:18940: checking for fgetpwent_r
configure:18940: gcc -o conftest -g -O2   conftest.c  >&5
configure:18940: $? = 0
configure:18940: result: yes
configure:18955: checking whether NLS is requested
configure:18966: result: yes
configure:19006: checking for msgfmt
configure: trying /usr/bin/msgfmt...
0 translated messages.
configure:19040: result: /usr/bin/msgfmt
configure:19049: checking for gmsgfmt
configure:19086: result: /usr/bin/msgfmt
configure:19136: checking for xgettext
configure: trying /usr/bin/xgettext...
/usr/bin/xgettext: warning: file '/dev/null' extension '' is unknown; will try C
configure:19170: result: /usr/bin/xgettext
configure:19215: checking for msgmerge
configure: trying /usr/bin/msgmerge...
configure:19248: result: /usr/bin/msgmerge
configure:19308: checking for ld used by gcc
configure:19377: result: /usr/bin/ld -m elf_x86_64
configure:19384: checking if the linker (/usr/bin/ld -m elf_x86_64) is GNU ld
configure:19401: result: yes
configure:19409: checking for shared library run path origin
configure:19424: result: done
configure:19450: checking how to run the C preprocessor
configure:19476: gcc -E  conftest.c
configure:19476: $? = 0
configure:19492: gcc -E  conftest.c
conftest.c:100:10: fatal error: ac_nonexistent.h: No such file or directory
  100 | #include <ac_nonexistent.h>
      |          ^~~~~~~~~~~~~~~~~~
compilation terminated.
configure:19492: $? = 1
configure: failed program was:
| /* confdefs.h */
| #define PACKAGE_NAME "shadow"
| #define PACKAGE_TARNAME "shadow"
| #define PACKAGE_VERSION "4.19.3"
| #define PACKAGE_STRING "shadow 4.19.3"
| #define PACKAGE_BUGREPORT "pkg-shadow-devel@lists.alioth.debian.org"
| #define PACKAGE_URL "https://github.com/shadow-maint/shadow"
| #define PACKAGE "shadow"
| #define VERSION "4.19.3"
| #define HAVE_STDIO_H 1
| #define HAVE_STDLIB_H 1
| #define HAVE_STRING_H 1
| #define HAVE_INTTYPES_H 1
| #define HAVE_STDINT_H 1
| #define HAVE_STRINGS_H 1
| #define HAVE_SYS_STAT_H 1
| #define HAVE_SYS_TYPES_H 1
| #define HAVE_UNISTD_H 1
| #define HAVE_WCHAR_H 1
| #define HAVE_UTIME_H 1
| #define STDC_HEADERS 1
| #define _ALL_SOURCE 1
| #define _DARWIN_C_SOURCE 1
| #define _GNU_SOURCE 1
| #define _HPUX_ALT_XOPEN_SOCKET_API 1
| #define _NETBSD_SOURCE 1
| #define _OPENBSD_SOURCE 1
| #define _POSIX_PTHREAD_SEMANTICS 1
| #define __STDC_WANT_IEC_60559_ATTRIBS_EXT__ 1
| #define __STDC_WANT_IEC_60559_BFP_EXT__ 1
| #define __STDC_WANT_IEC_60559_DFP_EXT__ 1
| #define __STDC_WANT_IEC_60559_EXT__ 1
| #define __STDC_WANT_IEC_60559_FUNCS_EXT__ 1
| #define __STDC_WANT_IEC_60559_TYPES_EXT__ 1
| #define __STDC_WANT_LIB_EXT2__ 1
| #define __STDC_WANT_MATH_SPEC_FUNCS__ 1
| #define _TANDEM_SOURCE 1
| #define __EXTENSIONS__ 1
| #define HAVE_DLFCN_H 1
| #define LT_OBJDIR ".libs/"
| #define HAVE_LIBDL 1
| #define HAVE_DLERROR 1
| #define HAVE_LIBDLLOADER 1
| #define HAVE_ARC4RANDOM_BUF 1
| #define HAVE_GETENTROPY 1
| #define HAVE_GETRANDOM 1
| #define HAVE_LCKPWDF 1
| #define HAVE_LUTIMES 1
| #define HAVE_UPDWTMPX 1
| #define HAVE_INNETGR 1
| #define HAVE_GETSPNAM_R 1
| #define HAVE_RPMATCH 1
| #define HAVE_MEMSET_EXPLICIT 1
| #define HAVE_EXPLICIT_BZERO 1
| #define HAVE_STRUCT_UTMPX_UT_HOST 1
| #define HAVE_STRUCT_UTMPX_UT_ADDR_V6 1
| #define HAVE_UTIME_NULL 1
| #define HAVE_PUTGRENT 1
| #define HAVE_PUTPWENT 1
| #define HAVE_PUTSPENT 1
| #define HAVE_SGETSPENT 1
| #define HAS_SECURE_GETENV 1
| #define MAIL_SPOOL_DIR "/var/mail"
| #define FAILLOG_FILE "/var/log/faillog"
| #define PASSWD_PROGRAM "/bin/passwd"
| #define GROUP_NAME_MAX_LENGTH 32
| #define USE_SHA_CRYPT 1
| #define USE_BCRYPT 1
| #define USE_YESCRYPT 1
| #define USE_NSCD 1
| #define USE_SSSD 1
| #define WITH_SU 1
| #define SHADOWGRP 1
| #define SIZEOF_UID_T 4
| #define SIZEOF_GID_T 4
| #define ENABLE_SUBIDS 1
| #define ENABLE_LOGIND 1
| #define WITH_LIBBSD 0
| #define HAVE_ACL_LIBACL_H 1
| #define HAVE_ATTR_ERROR_CONTEXT_H 1
| #define WITH_ACL 1
| #define HAVE_ATTR_LIBATTR_H 1
| #define HAVE_ATTR_ERROR_CONTEXT_H 1
| #define WITH_ATTR 1
| #define HAVE_SYS_STATFS_H 1
| #define HAVE_LINUX_MAGIC_H 1
| #define HAVE_LINUX_BTRFS_TREE_H 1
| #define WITH_BTRFS 1
| #define HAVE_SECURITY_PAM_MISC_H 1
| #define HAVE_DECL_PAM_ESTABLISH_CRED 1
| #define HAVE_DECL_PAM_DELETE_CRED 1
| #define HAVE_DECL_PAM_NEW_AUTHTOK_REQD 1
| #define HAVE_DECL_PAM_DATA_SILENT 1
| #define HAS_PAM_FAIL_DELAY 1
| #define USE_PAM 1
| #define SHADOW_PAM_CONVERSATION misc_conv
| #define HAVE_FGETPWENT_R 1
| #define SHELL "/bin/sh"
| /* end confdefs.h.  */
| #include <ac_nonexistent.h>
configure:19521: result: gcc -E
configure:19535: gcc -E  conftest.c
configure:19535: $? = 0
configure:19551: gcc -E  conftest.c
conftest.c:100:10: fatal error: ac_nonexistent.h: No such file or directory
  100 | #include <ac_nonexistent.h>
      |          ^~~~~~~~~~~~~~~~~~
compilation terminated.
configure:19551: $? = 1
configure: failed program was:
| /* confdefs.h */
| #define PACKAGE_NAME "shadow"
| #define PACKAGE_TARNAME "shadow"
| #define PACKAGE_VERSION "4.19.3"
| #define PACKAGE_STRING "shadow 4.19.3"
| #define PACKAGE_BUGREPORT "pkg-shadow-devel@lists.alioth.debian.org"
| #define PACKAGE_URL "https://github.com/shadow-maint/shadow"
| #define PACKAGE "shadow"
| #define VERSION "4.19.3"
| #define HAVE_STDIO_H 1
| #define HAVE_STDLIB_H 1
| #define HAVE_STRING_H 1
| #define HAVE_INTTYPES_H 1
| #define HAVE_STDINT_H 1
| #define HAVE_STRINGS_H 1
| #define HAVE_SYS_STAT_H 1
| #define HAVE_SYS_TYPES_H 1
| #define HAVE_UNISTD_H 1
| #define HAVE_WCHAR_H 1
| #define HAVE_UTIME_H 1
| #define STDC_HEADERS 1
| #define _ALL_SOURCE 1
| #define _DARWIN_C_SOURCE 1
| #define _GNU_SOURCE 1
| #define _HPUX_ALT_XOPEN_SOCKET_API 1
| #define _NETBSD_SOURCE 1
| #define _OPENBSD_SOURCE 1
| #define _POSIX_PTHREAD_SEMANTICS 1
| #define __STDC_WANT_IEC_60559_ATTRIBS_EXT__ 1
| #define __STDC_WANT_IEC_60559_BFP_EXT__ 1
| #define __STDC_WANT_IEC_60559_DFP_EXT__ 1
| #define __STDC_WANT_IEC_60559_EXT__ 1
| #define __STDC_WANT_IEC_60559_FUNCS_EXT__ 1
| #define __STDC_WANT_IEC_60559_TYPES_EXT__ 1
| #define __STDC_WANT_LIB_EXT2__ 1
| #define __STDC_WANT_MATH_SPEC_FUNCS__ 1
| #define _TANDEM_SOURCE 1
| #define __EXTENSIONS__ 1
| #define HAVE_DLFCN_H 1
| #define LT_OBJDIR ".libs/"
| #define HAVE_LIBDL 1
| #define HAVE_DLERROR 1
| #define HAVE_LIBDLLOADER 1
| #define HAVE_ARC4RANDOM_BUF 1
| #define HAVE_GETENTROPY 1
| #define HAVE_GETRANDOM 1
| #define HAVE_LCKPWDF 1
| #define HAVE_LUTIMES 1
| #define HAVE_UPDWTMPX 1
| #define HAVE_INNETGR 1
| #define HAVE_GETSPNAM_R 1
| #define HAVE_RPMATCH 1
| #define HAVE_MEMSET_EXPLICIT 1
| #define HAVE_EXPLICIT_BZERO 1
| #define HAVE_STRUCT_UTMPX_UT_HOST 1
| #define HAVE_STRUCT_UTMPX_UT_ADDR_V6 1
| #define HAVE_UTIME_NULL 1
| #define HAVE_PUTGRENT 1
| #define HAVE_PUTPWENT 1
| #define HAVE_PUTSPENT 1
| #define HAVE_SGETSPENT 1
| #define HAS_SECURE_GETENV 1
| #define MAIL_SPOOL_DIR "/var/mail"
| #define FAILLOG_FILE "/var/log/faillog"
| #define PASSWD_PROGRAM "/bin/passwd"
| #define GROUP_NAME_MAX_LENGTH 32
| #define USE_SHA_CRYPT 1
| #define USE_BCRYPT 1
| #define USE_YESCRYPT 1
| #define USE_NSCD 1
| #define USE_SSSD 1
| #define WITH_SU 1
| #define SHADOWGRP 1
| #define SIZEOF_UID_T 4
| #define SIZEOF_GID_T 4
| #define ENABLE_SUBIDS 1
| #define ENABLE_LOGIND 1
| #define WITH_LIBBSD 0
| #define HAVE_ACL_LIBACL_H 1
| #define HAVE_ATTR_ERROR_CONTEXT_H 1
| #define WITH_ACL 1
| #define HAVE_ATTR_LIBATTR_H 1
| #define HAVE_ATTR_ERROR_CONTEXT_H 1
| #define WITH_ATTR 1
| #define HAVE_SYS_STATFS_H 1
| #define HAVE_LINUX_MAGIC_H 1
| #define HAVE_LINUX_BTRFS_TREE_H 1
| #define WITH_BTRFS 1
| #define HAVE_SECURITY_PAM_MISC_H 1
| #define HAVE_DECL_PAM_ESTABLISH_CRED 1
| #define HAVE_DECL_PAM_DELETE_CRED 1
| #define HAVE_DECL_PAM_NEW_AUTHTOK_REQD 1
| #define HAVE_DECL_PAM_DATA_SILENT 1
| #define HAS_PAM_FAIL_DELAY 1
| #define USE_PAM 1
| #define SHADOW_PAM_CONVERSATION misc_conv
| #define HAVE_FGETPWENT_R 1
| #define SHELL "/bin/sh"
| /* end confdefs.h.  */
| #include <ac_nonexistent.h>
configure:19584: checking for egrep -e
configure:19714: result: /usr/bin/grep -E
configure:20276: checking for CFPreferencesCopyAppValue
configure:20295: gcc -o conftest -g -O2   conftest.c  -Wl,-framework -Wl,CoreFoundation >&5
conftest.c:100:10: fatal error: CoreFoundation/CFPreferences.h: No such file or directory
  100 | #include <CoreFoundation/CFPreferences.h>
      |          ^~~~~~~~~~~~~~~~~~~~~~~~~~~~~~~~
compilation terminated.
configure:20295: $? = 1
configure: failed program was:
| /* confdefs.h */
| #define PACKAGE_NAME "shadow"
| #define PACKAGE_TARNAME "shadow"
| #define PACKAGE_VERSION "4.19.3"
| #define PACKAGE_STRING "shadow 4.19.3"
| #define PACKAGE_BUGREPORT "pkg-shadow-devel@lists.alioth.debian.org"
| #define PACKAGE_URL "https://github.com/shadow-maint/shadow"
| #define PACKAGE "shadow"
| #define VERSION "4.19.3"
| #define HAVE_STDIO_H 1
| #define HAVE_STDLIB_H 1
| #define HAVE_STRING_H 1
| #define HAVE_INTTYPES_H 1
| #define HAVE_STDINT_H 1
| #define HAVE_STRINGS_H 1
| #define HAVE_SYS_STAT_H 1
| #define HAVE_SYS_TYPES_H 1
| #define HAVE_UNISTD_H 1
| #define HAVE_WCHAR_H 1
| #define HAVE_UTIME_H 1
| #define STDC_HEADERS 1
| #define _ALL_SOURCE 1
| #define _DARWIN_C_SOURCE 1
| #define _GNU_SOURCE 1
| #define _HPUX_ALT_XOPEN_SOCKET_API 1
| #define _NETBSD_SOURCE 1
| #define _OPENBSD_SOURCE 1
| #define _POSIX_PTHREAD_SEMANTICS 1
| #define __STDC_WANT_IEC_60559_ATTRIBS_EXT__ 1
| #define __STDC_WANT_IEC_60559_BFP_EXT__ 1
| #define __STDC_WANT_IEC_60559_DFP_EXT__ 1
| #define __STDC_WANT_IEC_60559_EXT__ 1
| #define __STDC_WANT_IEC_60559_FUNCS_EXT__ 1
| #define __STDC_WANT_IEC_60559_TYPES_EXT__ 1
| #define __STDC_WANT_LIB_EXT2__ 1
| #define __STDC_WANT_MATH_SPEC_FUNCS__ 1
| #define _TANDEM_SOURCE 1
| #define __EXTENSIONS__ 1
| #define HAVE_DLFCN_H 1
| #define LT_OBJDIR ".libs/"
| #define HAVE_LIBDL 1
| #define HAVE_DLERROR 1
| #define HAVE_LIBDLLOADER 1
| #define HAVE_ARC4RANDOM_BUF 1
| #define HAVE_GETENTROPY 1
| #define HAVE_GETRANDOM 1
| #define HAVE_LCKPWDF 1
| #define HAVE_LUTIMES 1
| #define HAVE_UPDWTMPX 1
| #define HAVE_INNETGR 1
| #define HAVE_GETSPNAM_R 1
| #define HAVE_RPMATCH 1
| #define HAVE_MEMSET_EXPLICIT 1
| #define HAVE_EXPLICIT_BZERO 1
| #define HAVE_STRUCT_UTMPX_UT_HOST 1
| #define HAVE_STRUCT_UTMPX_UT_ADDR_V6 1
| #define HAVE_UTIME_NULL 1
| #define HAVE_PUTGRENT 1
| #define HAVE_PUTPWENT 1
| #define HAVE_PUTSPENT 1
| #define HAVE_SGETSPENT 1
| #define HAS_SECURE_GETENV 1
| #define MAIL_SPOOL_DIR "/var/mail"
| #define FAILLOG_FILE "/var/log/faillog"
| #define PASSWD_PROGRAM "/bin/passwd"
| #define GROUP_NAME_MAX_LENGTH 32
| #define USE_SHA_CRYPT 1
| #define USE_BCRYPT 1
| #define USE_YESCRYPT 1
| #define USE_NSCD 1
| #define USE_SSSD 1
| #define WITH_SU 1
| #define SHADOWGRP 1
| #define SIZEOF_UID_T 4
| #define SIZEOF_GID_T 4
| #define ENABLE_SUBIDS 1
| #define ENABLE_LOGIND 1
| #define WITH_LIBBSD 0
| #define HAVE_ACL_LIBACL_H 1
| #define HAVE_ATTR_ERROR_CONTEXT_H 1
| #define WITH_ACL 1
| #define HAVE_ATTR_LIBATTR_H 1
| #define HAVE_ATTR_ERROR_CONTEXT_H 1
| #define WITH_ATTR 1
| #define HAVE_SYS_STATFS_H 1
| #define HAVE_LINUX_MAGIC_H 1
| #define HAVE_LINUX_BTRFS_TREE_H 1
| #define WITH_BTRFS 1
| #define HAVE_SECURITY_PAM_MISC_H 1
| #define HAVE_DECL_PAM_ESTABLISH_CRED 1
| #define HAVE_DECL_PAM_DELETE_CRED 1
| #define HAVE_DECL_PAM_NEW_AUTHTOK_REQD 1
| #define HAVE_DECL_PAM_DATA_SILENT 1
| #define HAS_PAM_FAIL_DELAY 1
| #define USE_PAM 1
| #define SHADOW_PAM_CONVERSATION misc_conv
| #define HAVE_FGETPWENT_R 1
| #define SHELL "/bin/sh"
| /* end confdefs.h.  */
| #include <CoreFoundation/CFPreferences.h>
| int
| main (void)
| {
| CFPreferencesCopyAppValue(NULL, NULL)
|   ;
|   return 0;
| }
configure:20307: result: no
configure:20314: checking for CFLocaleCopyCurrent
configure:20333: gcc -o conftest -g -O2   conftest.c  -Wl,-framework -Wl,CoreFoundation >&5
conftest.c:100:10: fatal error: CoreFoundation/CFLocale.h: No such file or directory
  100 | #include <CoreFoundation/CFLocale.h>
      |          ^~~~~~~~~~~~~~~~~~~~~~~~~~~
compilation terminated.
configure:20333: $? = 1
configure: failed program was:
| /* confdefs.h */
| #define PACKAGE_NAME "shadow"
| #define PACKAGE_TARNAME "shadow"
| #define PACKAGE_VERSION "4.19.3"
| #define PACKAGE_STRING "shadow 4.19.3"
| #define PACKAGE_BUGREPORT "pkg-shadow-devel@lists.alioth.debian.org"
| #define PACKAGE_URL "https://github.com/shadow-maint/shadow"
| #define PACKAGE "shadow"
| #define VERSION "4.19.3"
| #define HAVE_STDIO_H 1
| #define HAVE_STDLIB_H 1
| #define HAVE_STRING_H 1
| #define HAVE_INTTYPES_H 1
| #define HAVE_STDINT_H 1
| #define HAVE_STRINGS_H 1
| #define HAVE_SYS_STAT_H 1
| #define HAVE_SYS_TYPES_H 1
| #define HAVE_UNISTD_H 1
| #define HAVE_WCHAR_H 1
| #define HAVE_UTIME_H 1
| #define STDC_HEADERS 1
| #define _ALL_SOURCE 1
| #define _DARWIN_C_SOURCE 1
| #define _GNU_SOURCE 1
| #define _HPUX_ALT_XOPEN_SOCKET_API 1
| #define _NETBSD_SOURCE 1
| #define _OPENBSD_SOURCE 1
| #define _POSIX_PTHREAD_SEMANTICS 1
| #define __STDC_WANT_IEC_60559_ATTRIBS_EXT__ 1
| #define __STDC_WANT_IEC_60559_BFP_EXT__ 1
| #define __STDC_WANT_IEC_60559_DFP_EXT__ 1
| #define __STDC_WANT_IEC_60559_EXT__ 1
| #define __STDC_WANT_IEC_60559_FUNCS_EXT__ 1
| #define __STDC_WANT_IEC_60559_TYPES_EXT__ 1
| #define __STDC_WANT_LIB_EXT2__ 1
| #define __STDC_WANT_MATH_SPEC_FUNCS__ 1
| #define _TANDEM_SOURCE 1
| #define __EXTENSIONS__ 1
| #define HAVE_DLFCN_H 1
| #define LT_OBJDIR ".libs/"
| #define HAVE_LIBDL 1
| #define HAVE_DLERROR 1
| #define HAVE_LIBDLLOADER 1
| #define HAVE_ARC4RANDOM_BUF 1
| #define HAVE_GETENTROPY 1
| #define HAVE_GETRANDOM 1
| #define HAVE_LCKPWDF 1
| #define HAVE_LUTIMES 1
| #define HAVE_UPDWTMPX 1
| #define HAVE_INNETGR 1
| #define HAVE_GETSPNAM_R 1
| #define HAVE_RPMATCH 1
| #define HAVE_MEMSET_EXPLICIT 1
| #define HAVE_EXPLICIT_BZERO 1
| #define HAVE_STRUCT_UTMPX_UT_HOST 1
| #define HAVE_STRUCT_UTMPX_UT_ADDR_V6 1
| #define HAVE_UTIME_NULL 1
| #define HAVE_PUTGRENT 1
| #define HAVE_PUTPWENT 1
| #define HAVE_PUTSPENT 1
| #define HAVE_SGETSPENT 1
| #define HAS_SECURE_GETENV 1
| #define MAIL_SPOOL_DIR "/var/mail"
| #define FAILLOG_FILE "/var/log/faillog"
| #define PASSWD_PROGRAM "/bin/passwd"
| #define GROUP_NAME_MAX_LENGTH 32
| #define USE_SHA_CRYPT 1
| #define USE_BCRYPT 1
| #define USE_YESCRYPT 1
| #define USE_NSCD 1
| #define USE_SSSD 1
| #define WITH_SU 1
| #define SHADOWGRP 1
| #define SIZEOF_UID_T 4
| #define SIZEOF_GID_T 4
| #define ENABLE_SUBIDS 1
| #define ENABLE_LOGIND 1
| #define WITH_LIBBSD 0
| #define HAVE_ACL_LIBACL_H 1
| #define HAVE_ATTR_ERROR_CONTEXT_H 1
| #define WITH_ACL 1
| #define HAVE_ATTR_LIBATTR_H 1
| #define HAVE_ATTR_ERROR_CONTEXT_H 1
| #define WITH_ATTR 1
| #define HAVE_SYS_STATFS_H 1
| #define HAVE_LINUX_MAGIC_H 1
| #define HAVE_LINUX_BTRFS_TREE_H 1
| #define WITH_BTRFS 1
| #define HAVE_SECURITY_PAM_MISC_H 1
| #define HAVE_DECL_PAM_ESTABLISH_CRED 1
| #define HAVE_DECL_PAM_DELETE_CRED 1
| #define HAVE_DECL_PAM_NEW_AUTHTOK_REQD 1
| #define HAVE_DECL_PAM_DATA_SILENT 1
| #define HAS_PAM_FAIL_DELAY 1
| #define USE_PAM 1
| #define SHADOW_PAM_CONVERSATION misc_conv
| #define HAVE_FGETPWENT_R 1
| #define SHELL "/bin/sh"
| /* end confdefs.h.  */
| #include <CoreFoundation/CFLocale.h>
| int
| main (void)
| {
| CFLocaleCopyCurrent();
|   ;
|   return 0;
| }
configure:20345: result: no
configure:20394: checking for GNU gettext in libc
configure:20419: gcc -o conftest -g -O2   conftest.c  >&5
configure:20419: $? = 0
configure:20431: result: yes
configure:21275: checking whether to use NLS
configure:21277: result: yes
configure:21280: checking where the gettext function comes from
configure:21291: result: libc
configure:21468: checking that generated files are newer than configure
configure:21474: result: done
configure:21595: creating ./config.status

## ---------------------- ##
## Running config.status. ##
## ---------------------- ##

This file was extended by shadow config.status 4.19.3, which was
generated by GNU Autoconf 2.72.  Invocation command line was

  CONFIG_FILES    = 
  CONFIG_HEADERS  = 
  CONFIG_LINKS    = 
  CONFIG_COMMANDS = 
  $ ./config.status 

on Hp440G8

config.status:1304: creating Makefile
config.status:1304: creating po/Makefile.in
config.status:1304: creating doc/Makefile
config.status:1304: creating man/Makefile
config.status:1304: creating man/config.xml
config.status:1304: creating man/po/Makefile
config.status:1304: creating man/cs/Makefile
config.status:1304: creating man/da/Makefile
config.status:1304: creating man/de/Makefile
config.status:1304: creating man/es/Makefile
config.status:1304: creating man/fi/Makefile
config.status:1304: creating man/fr/Makefile
config.status:1304: creating man/hu/Makefile
config.status:1304: creating man/id/Makefile
config.status:1304: creating man/it/Makefile
config.status:1304: creating man/ja/Makefile
config.status:1304: creating man/ko/Makefile
config.status:1304: creating man/pl/Makefile
config.status:1304: creating man/pt_BR/Makefile
config.status:1304: creating man/ru/Makefile
config.status:1304: creating man/sv/Makefile
config.status:1304: creating man/tr/Makefile
config.status:1304: creating man/uk/Makefile
config.status:1304: creating man/zh_CN/Makefile
config.status:1304: creating man/zh_TW/Makefile
config.status:1304: creating lib/Makefile
config.status:1304: creating libsubid/Makefile
config.status:1304: creating libsubid/subid.h
config.status:1304: creating src/Makefile
config.status:1304: creating etc/Makefile
config.status:1304: creating etc/pam.d/Makefile
config.status:1304: creating etc/shadow-maint/Makefile
config.status:1304: creating tests/unit/Makefile
config.status:1304: creating config.h
config.status:1533: executing depfiles commands
config.status:1608: cd lib       && sed -e '/# am--include-marker/d' Makefile         | make -f - am--depfiles
config.status:1615: $? = 0
config.status:1608: cd libsubid       && sed -e '/# am--include-marker/d' Makefile         | make -f - am--depfiles
config.status:1615: $? = 0
config.status:1608: cd src       && sed -e '/# am--include-marker/d' Makefile         | make -f - am--depfiles
config.status:1615: $? = 0
config.status:1608: cd tests/unit       && sed -e '/# am--include-marker/d' Makefile         | make -f - am--depfiles
config.status:1615: $? = 0
config.status:1533: executing libtool commands
config.status:1533: executing po-directories commands
configure:23903: shadow 4.19.3 has been configured with the following features:

	auditing support:		no
	PAM support:			yes
	suid account management tools:	no
	SELinux support:		no
	BtrFS support:			yes
	ACL support:			yes
	Extended Attributes support:	yes
	tcb support (incomplete):	no
	shadow group support:		yes
	S/Key support:			no
	SHA passwords encryption:	yes
	bcrypt passwords encryption:	yes
	yescrypt passwords encryption:	yes
	nscd support:			yes
	sssd support:			yes
	subordinate IDs support:	yes
	enable lastlog:			no
	enable logind:			yes
	use file caps:			no
	install su:			yes
	enabled vendor dir:             



## ---------------- ##
## Cache variables. ##
## ---------------- ##

ac_cv_build=x86_64-pc-linux-gnu
ac_cv_c_compiler_gnu=yes
ac_cv_c_undeclared_builtin_options='none needed'
ac_cv_env_CC_set=
ac_cv_env_CC_value=
ac_cv_env_CFLAGS_set=
ac_cv_env_CFLAGS_value=
ac_cv_env_CMOCKA_CFLAGS_set=
ac_cv_env_CMOCKA_CFLAGS_value=
ac_cv_env_CMOCKA_LIBS_set=
ac_cv_env_CMOCKA_LIBS_value=
ac_cv_env_CPPFLAGS_set=
ac_cv_env_CPPFLAGS_value=
ac_cv_env_CPP_set=
ac_cv_env_CPP_value=
ac_cv_env_LDFLAGS_set=
ac_cv_env_LDFLAGS_value=
ac_cv_env_LIBBSD_CFLAGS_set=
ac_cv_env_LIBBSD_CFLAGS_value=
ac_cv_env_LIBBSD_LIBS_set=
ac_cv_env_LIBBSD_LIBS_value=
ac_cv_env_LIBS_set=
ac_cv_env_LIBS_value=
ac_cv_env_LT_SYS_LIBRARY_PATH_set=
ac_cv_env_LT_SYS_LIBRARY_PATH_value=
ac_cv_env_PKG_CONFIG_LIBDIR_set=
ac_cv_env_PKG_CONFIG_LIBDIR_value=
ac_cv_env_PKG_CONFIG_PATH_set=set
ac_cv_env_PKG_CONFIG_PATH_value=/usr/lib64/pkgconfig:/opt/qt6/lib/pkgconfig
ac_cv_env_PKG_CONFIG_set=
ac_cv_env_PKG_CONFIG_value=
ac_cv_env_build_alias_set=
ac_cv_env_build_alias_value=
ac_cv_env_host_alias_set=
ac_cv_env_host_alias_value=
ac_cv_env_target_alias_set=
ac_cv_env_target_alias_value=
ac_cv_func_arc4random_buf=yes
ac_cv_func_dlerror=yes
ac_cv_func_explicit_bzero=yes
ac_cv_func_fgetpwent_r=yes
ac_cv_func_getentropy=yes
ac_cv_func_getrandom=yes
ac_cv_func_getspnam_r=yes
ac_cv_func_innetgr=yes
ac_cv_func_lckpwdf=yes
ac_cv_func_lutimes=yes
ac_cv_func_memset_explicit=yes
ac_cv_func_pam_fail_delay=yes
ac_cv_func_posix_spawn=yes
ac_cv_func_putgrent=yes
ac_cv_func_putpwent=yes
ac_cv_func_putspent=yes
ac_cv_func_rpmatch=yes
ac_cv_func_secure_getenv=yes
ac_cv_func_setpgrp=yes
ac_cv_func_sgetgrent=no
ac_cv_func_sgetpwent=no
ac_cv_func_sgetspent=yes
ac_cv_func_shl_load=no
ac_cv_func_stpecpy=no
ac_cv_func_stpeprintf=no
ac_cv_func_updwtmpx=yes
ac_cv_func_utime_null=yes
ac_cv_have_decl_PAM_DATA_SILENT=yes
ac_cv_have_decl_PAM_DELETE_CRED=yes
ac_cv_have_decl_PAM_ESTABLISH_CRED=yes
ac_cv_have_decl_PAM_NEW_AUTHTOK_REQD=yes
ac_cv_header_acl_libacl_h=yes
ac_cv_header_attr_error_context_h=yes
ac_cv_header_attr_libattr_h=yes
ac_cv_header_dlfcn_h=yes
ac_cv_header_inttypes_h=yes
ac_cv_header_libaudit_h=no
ac_cv_header_linux_btrfs_tree_h=yes
ac_cv_header_linux_magic_h=yes
ac_cv_header_minix_config_h=no
ac_cv_header_security_openpam_h=no
ac_cv_header_security_pam_misc_h=yes
ac_cv_header_selinux_selinux_h=no
ac_cv_header_semanage_semanage_h=no
ac_cv_header_shadow_h=yes
ac_cv_header_stdint_h=yes
ac_cv_header_stdio_h=yes
ac_cv_header_stdlib_h=yes
ac_cv_header_string_h=yes
ac_cv_header_strings_h=yes
ac_cv_header_sys_stat_h=yes
ac_cv_header_sys_statfs_h=yes
ac_cv_header_sys_types_h=yes
ac_cv_header_tcb_h=no
ac_cv_header_unistd_h=yes
ac_cv_header_utime_h=yes
ac_cv_header_wchar_h=yes
ac_cv_host=x86_64-pc-linux-gnu
ac_cv_lib_acl_perm_copy_fd=yes
ac_cv_lib_acl_perm_copy_file=yes
ac_cv_lib_attr_attr_copy_fd=yes
ac_cv_lib_attr_attr_copy_file=yes
ac_cv_lib_crypt_crypt=yes
ac_cv_lib_dld_dld_link=no
ac_cv_lib_dld_shl_load=no
ac_cv_lib_econf_econf_readDirs=no
ac_cv_lib_pam_misc_misc_conv=yes
ac_cv_lib_pam_openpam_ttyconv=no
ac_cv_lib_pam_pam_start=yes
ac_cv_lib_systemd_sd_session_get_remote_host=yes
ac_cv_member_struct_utmpx_ut_addr=no
ac_cv_member_struct_utmpx_ut_addr_v6=yes
ac_cv_member_struct_utmpx_ut_host=yes
ac_cv_member_struct_utmpx_ut_name=no
ac_cv_member_struct_utmpx_ut_syslen=no
ac_cv_member_struct_utmpx_ut_time=no
ac_cv_member_struct_utmpx_ut_xtime=no
ac_cv_objext=o
ac_cv_path_EGREP='/usr/bin/grep -E'
ac_cv_path_EGREP_TRADITIONAL='/usr/bin/grep -E'
ac_cv_path_FGREP='/usr/bin/grep -F'
ac_cv_path_GMSGFMT=/usr/bin/msgfmt
ac_cv_path_GREP=/usr/bin/grep
ac_cv_path_MSGFMT=/usr/bin/msgfmt
ac_cv_path_MSGMERGE=/usr/bin/msgmerge
ac_cv_path_SED=/usr/bin/sed
ac_cv_path_XGETTEXT=/usr/bin/xgettext
ac_cv_path_ac_pt_PKG_CONFIG=/usr/bin/pkg-config
ac_cv_path_install='/usr/bin/install -c'
ac_cv_path_lt_DD=/usr/bin/dd
ac_cv_path_mkdir=/usr/bin/mkdir
ac_cv_prog_AWK=gawk
ac_cv_prog_CPP='gcc -E'
ac_cv_prog_FILECMD=file
ac_cv_prog_ac_ct_AR=ar
ac_cv_prog_ac_ct_CC=gcc
ac_cv_prog_ac_ct_OBJDUMP=objdump
ac_cv_prog_ac_ct_RANLIB=ranlib
ac_cv_prog_ac_ct_STRIP=strip
ac_cv_prog_cc_c11=
ac_cv_prog_cc_g=yes
ac_cv_prog_cc_stdc=
ac_cv_prog_make_make_set=yes
ac_cv_safe_to_define___extensions__=yes
ac_cv_search_dlopen='none required'
ac_cv_search_gethostbyname='none required'
ac_cv_should_define__xopen_source=no
ac_cv_sizeof_gid_t=4
ac_cv_sizeof_uid_t=4
ac_cv_sys_largefile_opts='none needed'
acl_cv_hardcode_direct=no
acl_cv_hardcode_libdir_flag_spec='${wl}-rpath ${wl}$libdir'
acl_cv_hardcode_libdir_separator=
acl_cv_hardcode_minus_L=no
acl_cv_libext=a
acl_cv_libname_spec='lib$name'
acl_cv_library_names_spec='$libname$shrext'
acl_cv_path_LD='/usr/bin/ld -m elf_x86_64'
acl_cv_prog_gnu_ld=yes
acl_cv_rpath=done
acl_cv_shlibext=so
acl_cv_wl=-Wl,
am_cv_CC_dependencies_compiler_type=gcc3
am_cv_filesystem_timestamp_resolution=0.01
am_cv_make_support_nested_variables=yes
am_cv_prog_cc_c_o=yes
am_cv_prog_tar_pax=gnutar
am_cv_sleep_fractional_seconds=yes
am_cv_xargs_n_works=yes
gt_cv_func_CFLocaleCopyCurrent=no
gt_cv_func_CFPreferencesCopyAppValue=no
gt_cv_func_gnugettext2_libc=yes
libltdl_cv_lib_dl_dlopen=yes
lt_cv_ar_at_file=@
lt_cv_archive_cmds_need_lc=no
lt_cv_deplibs_check_method=pass_all
lt_cv_file_magic_cmd='$MAGIC_CMD'
lt_cv_file_magic_test_file=
lt_cv_ld_reload_flag=-r
lt_cv_nm_interface='BSD nm'
lt_cv_objdir=.libs
lt_cv_path_LD=/usr/bin/ld
lt_cv_path_NM='/usr/bin/nm -B'
lt_cv_path_manifest_tool=no
lt_cv_prog_compiler_c_o=yes
lt_cv_prog_compiler_pic='-fPIC -DPIC'
lt_cv_prog_compiler_pic_works=yes
lt_cv_prog_compiler_rtti_exceptions=no
lt_cv_prog_compiler_static_works=yes
lt_cv_prog_gnu_ld=yes
lt_cv_sharedlib_from_linklib_cmd='printf %s\n'
lt_cv_shlibpath_overrides_runpath=yes
lt_cv_sys_global_symbol_pipe='/usr/bin/sed -n -e '\''s/^.*[	 ]\([ABCDGIRSTW][ABCDGIRSTW]*\)[	 ][	 ]*\([_A-Za-z][_A-Za-z0-9]*\)$/\1 \2 \2/p'\'' | /usr/bin/sed '\''/ __gnu_lto/d'\'''
lt_cv_sys_global_symbol_to_c_name_address='/usr/bin/sed -n -e '\''s/^: \(.*\) .*$/  {"\1", (void *) 0},/p'\'' -e '\''s/^[ABCDGIRSTW][ABCDGIRSTW]* .* \(.*\)$/  {"\1", (void *) \&\1},/p'\'''
lt_cv_sys_global_symbol_to_c_name_address_lib_prefix='/usr/bin/sed -n -e '\''s/^: \(.*\) .*$/  {"\1", (void *) 0},/p'\'' -e '\''s/^[ABCDGIRSTW][ABCDGIRSTW]* .* \(lib.*\)$/  {"\1", (void *) \&\1},/p'\'' -e '\''s/^[ABCDGIRSTW][ABCDGIRSTW]* .* \(.*\)$/  {"lib\1", (void *) \&\1},/p'\'''
lt_cv_sys_global_symbol_to_cdecl='/usr/bin/sed -n -e '\''s/^T .* \(.*\)$/extern int \1();/p'\'' -e '\''s/^[ABCDGIRSTW][ABCDGIRSTW]* .* \(.*\)$/extern char \1;/p'\'''
lt_cv_sys_global_symbol_to_import=
lt_cv_sys_max_cmd_len=1572864
lt_cv_to_host_file_cmd=func_convert_file_noop
lt_cv_to_tool_file_cmd=func_convert_file_noop
lt_cv_truncate_bin='/usr/bin/dd bs=4096 count=1'
shadow_cv_logdir=/var/log
shadow_cv_maildir=/var/mail
shadow_cv_mailfile=none

## ----------------- ##
## Output variables. ##
## ----------------- ##

ACCT_TOOLS_SETUID_FALSE=''
ACCT_TOOLS_SETUID_TRUE='#'
ACLOCAL='${SHELL} '\''/home/riy/GitHub/Supplements/Website/Packages/build-shadow-4.19.3/shadow-4.19.3/build-aux/missing'\'' aclocal-1.18'
AMDEPBACKSLASH='\'
AMDEP_FALSE='#'
AMDEP_TRUE=''
AMTAR='$${TAR-tar}'
AM_BACKSLASH='\'
AM_DEFAULT_V='$(AM_DEFAULT_VERBOSITY)'
AM_DEFAULT_VERBOSITY='0'
AM_DISTCHECK_CONFIGURE_FLAGS=' '\''--sysconfdir=/etc'\'' '\''--with-libpam'\'' '\''--disable-static'\'' '\''--without-libbsd'\'' '\''--with-bcrypt'\'' '\''--with-yescrypt'\'' '\''PKG_CONFIG_PATH=/usr/lib64/pkgconfig:/opt/qt6/lib/pkgconfig'\'''
AM_V='$(V)'
AR='ar'
AUTOCONF='${SHELL} '\''/home/riy/GitHub/Supplements/Website/Packages/build-shadow-4.19.3/shadow-4.19.3/build-aux/missing'\'' autoconf'
AUTOHEADER='${SHELL} '\''/home/riy/GitHub/Supplements/Website/Packages/build-shadow-4.19.3/shadow-4.19.3/build-aux/missing'\'' autoheader'
AUTOMAKE='${SHELL} '\''/home/riy/GitHub/Supplements/Website/Packages/build-shadow-4.19.3/shadow-4.19.3/build-aux/missing'\'' automake-1.18'
AWK='gawk'
CC='gcc'
CCDEPMODE='depmode=gcc3'
CFLAGS='-g -O2'
CMOCKA_CFLAGS=''
CMOCKA_LIBS=''
CPP='gcc -E'
CPPFLAGS=''
CSCOPE='cscope'
CTAGS='ctags'
CYGPATH_W='echo'
DEFS='-DHAVE_CONFIG_H'
DEPDIR='.deps'
DLLTOOL='false'
DSYMUTIL=''
DUMPBIN=''
ECHO_C=''
ECHO_N='-n'
ECHO_T=''
ECONF_CPPFLAGS=''
EGREP='/usr/bin/grep -E'
ENABLE_LASTLOG_FALSE=''
ENABLE_LASTLOG_TRUE='#'
ENABLE_LOGIND_FALSE='#'
ENABLE_LOGIND_TRUE=''
ENABLE_REGENERATE_MAN_FALSE=''
ENABLE_REGENERATE_MAN_TRUE='#'
ENABLE_SUBIDS_FALSE='#'
ENABLE_SUBIDS_TRUE=''
ETAGS='etags'
EXEEXT=''
FCAPS_FALSE=''
FCAPS_TRUE='#'
FGREP='/usr/bin/grep -F'
FILECMD='file'
GETTEXT_MACRO_VERSION='0.19'
GMSGFMT='/usr/bin/msgfmt'
GMSGFMT_015='/usr/bin/msgfmt'
GREP='/usr/bin/grep'
GROUP_NAME_MAX_LENGTH='32'
HAVE_CMOCKA_FALSE=''
HAVE_CMOCKA_TRUE='#'
HAVE_VENDORDIR_FALSE=''
HAVE_VENDORDIR_TRUE='#'
INSTALL_DATA='${INSTALL} -m 644'
INSTALL_PROGRAM='${INSTALL}'
INSTALL_SCRIPT='${INSTALL}'
INSTALL_STRIP_PROGRAM='$(install_sh) -c -s'
INTLLIBS=''
INTL_MACOSX_LIBS=''
LD='/usr/bin/ld -m elf_x86_64'
LDFLAGS=''
LIBACL='-lacl'
LIBADD_DL=' '
LIBADD_DLD_LINK=''
LIBADD_DLOPEN=''
LIBADD_SHL_LOAD=''
LIBATTR='-lattr'
LIBAUDIT=''
LIBBSD=''
LIBBSD_CFLAGS=''
LIBBSD_LIBS=''
LIBCRYPT='-lcrypt'
LIBECONF=''
LIBICONV='-liconv'
LIBINTL=''
LIBMD=''
LIBOBJS=' ${LIBOBJDIR}sgetgrent$U.o ${LIBOBJDIR}sgetpwent$U.o'
LIBPAM='-lpam -lpam_misc'
LIBS=''
LIBSELINUX=''
LIBSEMANAGE=''
LIBSKEY=''
LIBSUBID_ABI='5.0.0'
LIBSUBID_ABI_MAJOR='5'
LIBSUBID_ABI_MICRO='0'
LIBSUBID_ABI_MINOR='0'
LIBSYSTEMD='-lsystemd'
LIBTCB=''
LIBTOOL='$(SHELL) $(top_builddir)/libtool'
LIPO=''
LN_S='ln -s'
LTLIBICONV='-liconv'
LTLIBINTL=''
LTLIBOBJS=' ${LIBOBJDIR}sgetgrent$U.lo ${LIBOBJDIR}sgetpwent$U.lo'
LT_DLLOADERS=' dlopen.la'
LT_DLPREOPEN='-dlpreopen dlopen.la '
LT_SYS_LIBRARY_PATH=''
MAINT='#'
MAINTAINER_MODE_FALSE=''
MAINTAINER_MODE_TRUE='#'
MAKEINFO='${SHELL} '\''/home/riy/GitHub/Supplements/Website/Packages/build-shadow-4.19.3/shadow-4.19.3/build-aux/missing'\'' makeinfo'
MANIFEST_TOOL=':'
MKDIR_P='/usr/bin/mkdir -p'
MSGFMT='/usr/bin/msgfmt'
MSGFMT_015='/usr/bin/msgfmt'
MSGMERGE='/usr/bin/msgmerge'
NM='/usr/bin/nm -B'
NMEDIT=''
OBJDUMP='objdump'
OBJEXT='o'
OTOOL64=''
OTOOL=''
PACKAGE='shadow'
PACKAGE_BUGREPORT='pkg-shadow-devel@lists.alioth.debian.org'
PACKAGE_NAME='shadow'
PACKAGE_STRING='shadow 4.19.3'
PACKAGE_TARNAME='shadow'
PACKAGE_URL='https://github.com/shadow-maint/shadow'
PACKAGE_VERSION='4.19.3'
PATH_SEPARATOR=':'
PKG_CONFIG='/usr/bin/pkg-config'
PKG_CONFIG_LIBDIR=''
PKG_CONFIG_PATH='/usr/lib64/pkgconfig:/opt/qt6/lib/pkgconfig'
POSUB='po'
RANLIB='ranlib'
SED='/usr/bin/sed'
SET_MAKE=''
SHADOWGRP_FALSE='#'
SHADOWGRP_TRUE=''
SHELL='/bin/sh'
STRIP='strip'
USE_BCRYPT_FALSE='#'
USE_BCRYPT_TRUE=''
USE_NLS='yes'
USE_NLS_FALSE='#'
USE_NLS_TRUE=''
USE_PAM_FALSE='#'
USE_PAM_TRUE=''
USE_SHA_CRYPT_FALSE='#'
USE_SHA_CRYPT_TRUE=''
USE_YESCRYPT_FALSE='#'
USE_YESCRYPT_TRUE=''
VENDORDIR=''
VERSION='4.19.3'
WITH_BTRFS_FALSE='#'
WITH_BTRFS_TRUE=''
WITH_LIBBSD_FALSE=''
WITH_LIBBSD_TRUE='#'
WITH_SU_FALSE='#'
WITH_SU_TRUE=''
WITH_TCB_FALSE=''
WITH_TCB_TRUE='#'
XGETTEXT='/usr/bin/xgettext'
XGETTEXT_015='/usr/bin/xgettext'
XGETTEXT_EXTRA_OPTIONS=''
XMLCATALOG=''
XML_CATALOG_FILE=''
XSLTPROC=''
ac_ct_AR='ar'
ac_ct_CC='gcc'
ac_ct_DUMPBIN=''
am__EXEEXT_FALSE=''
am__EXEEXT_TRUE='#'
am__fastdepCC_FALSE='#'
am__fastdepCC_TRUE=''
am__include='include'
am__isrc=''
am__leading_dot='.'
am__nodep='_no'
am__quote=''
am__rm_f_notfound=''
am__tar='tar --format=posix -chf - "$$tardir"'
am__untar='tar -xf -'
am__xargs_n='xargs -n'
bindir='${exec_prefix}/bin'
build='x86_64-pc-linux-gnu'
build_alias=''
build_cpu='x86_64'
build_os='linux-gnu'
build_vendor='pc'
capcmd=''
datadir='${datarootdir}'
datarootdir='${prefix}/share'
docdir='${datarootdir}/doc/${PACKAGE_TARNAME}'
dvidir='${docdir}'
exec_prefix=''
host='x86_64-pc-linux-gnu'
host_alias=''
host_cpu='x86_64'
host_os='linux-gnu'
host_vendor='pc'
htmldir='${docdir}'
includedir='${prefix}/include'
infodir='${datarootdir}/info'
install_sh='${SHELL} /home/riy/GitHub/Supplements/Website/Packages/build-shadow-4.19.3/shadow-4.19.3/build-aux/install-sh'
libdir='${exec_prefix}/lib'
libexecdir='${exec_prefix}/libexec'
localedir='${datarootdir}/locale'
localstatedir='${prefix}/var'
mandir='${datarootdir}/man'
mkdir_p='$(MKDIR_P)'
oldincludedir='/usr/include'
pdfdir='${docdir}'
prefix='/usr'
program_transform_name='s,x,x,'
psdir='${docdir}'
runstatedir='${localstatedir}/run'
sbindir='${exec_prefix}/sbin'
sharedstatedir='${prefix}/com'
sysconfdir='/etc'
target_alias=''

## ----------- ##
## confdefs.h. ##
## ----------- ##

/* confdefs.h */
#define PACKAGE_NAME "shadow"
#define PACKAGE_TARNAME "shadow"
#define PACKAGE_VERSION "4.19.3"
#define PACKAGE_STRING "shadow 4.19.3"
#define PACKAGE_BUGREPORT "pkg-shadow-devel@lists.alioth.debian.org"
#define PACKAGE_URL "https://github.com/shadow-maint/shadow"
#define PACKAGE "shadow"
#define VERSION "4.19.3"
#define HAVE_STDIO_H 1
#define HAVE_STDLIB_H 1
#define HAVE_STRING_H 1
#define HAVE_INTTYPES_H 1
#define HAVE_STDINT_H 1
#define HAVE_STRINGS_H 1
#define HAVE_SYS_STAT_H 1
#define HAVE_SYS_TYPES_H 1
#define HAVE_UNISTD_H 1
#define HAVE_WCHAR_H 1
#define HAVE_UTIME_H 1
#define STDC_HEADERS 1
#define _ALL_SOURCE 1
#define _DARWIN_C_SOURCE 1
#define _GNU_SOURCE 1
#define _HPUX_ALT_XOPEN_SOCKET_API 1
#define _NETBSD_SOURCE 1
#define _OPENBSD_SOURCE 1
#define _POSIX_PTHREAD_SEMANTICS 1
#define __STDC_WANT_IEC_60559_ATTRIBS_EXT__ 1
#define __STDC_WANT_IEC_60559_BFP_EXT__ 1
#define __STDC_WANT_IEC_60559_DFP_EXT__ 1
#define __STDC_WANT_IEC_60559_EXT__ 1
#define __STDC_WANT_IEC_60559_FUNCS_EXT__ 1
#define __STDC_WANT_IEC_60559_TYPES_EXT__ 1
#define __STDC_WANT_LIB_EXT2__ 1
#define __STDC_WANT_MATH_SPEC_FUNCS__ 1
#define _TANDEM_SOURCE 1
#define __EXTENSIONS__ 1
#define HAVE_DLFCN_H 1
#define LT_OBJDIR ".libs/"
#define HAVE_LIBDL 1
#define HAVE_DLERROR 1
#define HAVE_LIBDLLOADER 1
#define HAVE_ARC4RANDOM_BUF 1
#define HAVE_GETENTROPY 1
#define HAVE_GETRANDOM 1
#define HAVE_LCKPWDF 1
#define HAVE_LUTIMES 1
#define HAVE_UPDWTMPX 1
#define HAVE_INNETGR 1
#define HAVE_GETSPNAM_R 1
#define HAVE_RPMATCH 1
#define HAVE_MEMSET_EXPLICIT 1
#define HAVE_EXPLICIT_BZERO 1
#define HAVE_STRUCT_UTMPX_UT_HOST 1
#define HAVE_STRUCT_UTMPX_UT_ADDR_V6 1
#define HAVE_UTIME_NULL 1
#define HAVE_PUTGRENT 1
#define HAVE_PUTPWENT 1
#define HAVE_PUTSPENT 1
#define HAVE_SGETSPENT 1
#define HAS_SECURE_GETENV 1
#define MAIL_SPOOL_DIR "/var/mail"
#define FAILLOG_FILE "/var/log/faillog"
#define PASSWD_PROGRAM "/bin/passwd"
#define GROUP_NAME_MAX_LENGTH 32
#define USE_SHA_CRYPT 1
#define USE_BCRYPT 1
#define USE_YESCRYPT 1
#define USE_NSCD 1
#define USE_SSSD 1
#define WITH_SU 1
#define SHADOWGRP 1
#define SIZEOF_UID_T 4
#define SIZEOF_GID_T 4
#define ENABLE_SUBIDS 1
#define ENABLE_LOGIND 1
#define WITH_LIBBSD 0
#define HAVE_ACL_LIBACL_H 1
#define HAVE_ATTR_ERROR_CONTEXT_H 1
#define WITH_ACL 1
#define HAVE_ATTR_LIBATTR_H 1
#define HAVE_ATTR_ERROR_CONTEXT_H 1
#define WITH_ATTR 1
#define HAVE_SYS_STATFS_H 1
#define HAVE_LINUX_MAGIC_H 1
#define HAVE_LINUX_BTRFS_TREE_H 1
#define WITH_BTRFS 1
#define HAVE_SECURITY_PAM_MISC_H 1
#define HAVE_DECL_PAM_ESTABLISH_CRED 1
#define HAVE_DECL_PAM_DELETE_CRED 1
#define HAVE_DECL_PAM_NEW_AUTHTOK_REQD 1
#define HAVE_DECL_PAM_DATA_SILENT 1
#define HAS_PAM_FAIL_DELAY 1
#define USE_PAM 1
#define SHADOW_PAM_CONVERSATION misc_conv
#define HAVE_FGETPWENT_R 1
#define SHELL "/bin/sh"
#define ENABLE_NLS 1
#define HAVE_GETTEXT 1
#define HAVE_DCGETTEXT 1

configure: exit 0
